id,name,address,lat,lng,source,able,tel
72830,三菱化工機株式会社川崎製作所  工場内,川崎市川崎区大川町２－１,35.49484634399414,139.71014404296875,インターネット,,
80239,化工機プラント環境エンジ株式会社,川崎市川崎区大川町2-1,35.493953704833984,139.7107696533203,インターネット,,
189123,（株）日本アクセス 川崎物流センター	２階共用部,川崎市川崎区田辺新田1	,35.50233840942383,139.70556640625,インターネット,,
189124,（株）日本アクセス 川崎白石物流センター	２階食堂,川崎市川崎区田辺新田1-4,35.50279235839844,139.7049560546875,インターネット,,
72831,富士電機株式会社川崎工場  事務室,川崎市川崎区田辺新田１－１,35.50239944458008,139.7066650390625,インターネット,,
19501,株式会社ネオス　川崎工場（1F事務所）,川崎市川崎区白石町5-3,35.50101089477539,139.7091064453125,インターネット,,
539329,大川町産業会館,川崎区大川町9-2,35.49552769,139.7127823,神奈川県川崎市オープンデータ(2025年5月1日時点),平日 9時00分 17時00分,
80207,日本通運株式会社 川崎支店,川崎市川崎区田辺新田1-3,35.50431442260742,139.7043914794922,インターネット,,
174189,昭和電工（株）大川工場 事務所内,川崎市川崎区大川町5-1,35.4974479675293,139.7126922607422,インターネット,,
541313,セブン-イレブン 川崎浅田４丁目店,川崎市川崎区浅田４丁目１６−１３,35.50476506184229,139.70252299207078,市ホームページ,,
80237,㈱東和企業 川崎事業所,川崎市川崎区大川町13-2,35.49323272705078,139.71397399902344,インターネット,,
240149,東洋埠頭株式会社 川崎支店,川崎市川崎区扇町13-1,35.49946594238281,139.73065185546875,インターネット,,
240150,ファーマインド 川崎センター,川崎市川崎区扇町１３−１,35.499229431152344,139.72894287109375,インターネット,,
20879,川崎天然ガス発電 株式会社,川崎市川崎区扇町12-1,35.5,139.7235870361328,インターネット,,
144868,三井埠頭株式会社 本社,川崎市川崎区扇町9番1号,35.49903869628906,139.72207641601562,インターネット,,
174236,三協興産株式会社 本社 管理棟,川崎市川崎区扇町12-3,35.50224685668945,139.72491455078125,インターネット,,
174191,昭和電工（株）川崎事業所	健康管理センター,川崎市川崎区扇町5-1,35.50102615356445,139.72154235839844,インターネット,,
80233,ペットリファインテクノロジー（株）,川崎市川崎区扇町12-2,35.50351333618164,139.7244110107422,インターネット,,
95622,川崎発電所,川崎市川崎区扇町8番3号,35.4991569519043,139.7187042236328,インターネット,24時間,
80198,隅田冷凍工業株式会社,川崎市川崎区水江町6-20,35.503868103027344,139.73886108398438,インターネット,,
135919,ＪＦＥプラリソース株式会社,川崎市川崎区水江町5-1,35.505401611328125,139.73651123046875,インターネット,,
56061,タマガワ物流/テー・オー・デイリーサービス　２F,川崎市川崎区水江６－２０,35.50437545776367,139.73887634277344,AED　Plus納入確認,,
174425,昭和電工 株式会社 川崎製造所,川崎市川崎区扇町5-1,35.502342224121094,139.72003173828125,インターネット,,
135920,ＪＦＥアーバンリサイクル株式会社,川崎市川崎区水江町六 番地１号,35.506385803222656,139.7340545654297,インターネット,,
156548,株式会社 ロジスティクス・ネットワーク 東扇島物流センター	川崎市川崎区東扇島6-15,川崎市川崎区東扇島6-15,35.49072265625,139.74447631835938,インターネット,,
72828,東京電力㈱東扇島火力発電所,川崎市川崎区東扇島３,35.494850158691406,139.74563598632812,インターネット,,
72829,川崎港コンテナターミナル  管理棟１階警備員室,川崎市川崎区東扇島９２番地,35.48835754394531,139.74331665039062,インターネット,,
80216,羽田タートルサービス㈱ 山九首都圏DC事業所,川崎市川崎区東扇島90 山九㈱首都圏DC支店内2階-G,35.48911666870117,139.74510192871094,インターネット,,
539347,川崎エコタウン会館,川崎区水江町6-6,35.50468394,139.7419888,神奈川県川崎市オープンデータ(2025年5月1日時点),月～金（祝日、年末年始除く） 9時00分 16時00分,
135927,シンヨー㈱本社,川崎市川崎区大川町8-6,35.4964599609375,139.71487426757812,インターネット,,
189531,株式会社ロジパルエクスプレス,川崎市川崎区東扇島4-5,35.49776077270508,139.74696350097656,インターネット,,
238839,ＰＯＳＣＯ－ＪＥＰＣ㈱川崎工場,川崎市川崎区東扇島6-11,35.49156951904297,139.7467803955078,インターネット,,
343910,コマツ建機販売（株）東京カンパニー東京支店,川崎市川崎区東扇島５番地,35.49530382637119,139.74790401646564,インターネット,,
80226,名正運輸株式会社 川崎西営業所,川崎市川崎区扇町19JFE東日本製鉄所扇町地区5棟倉庫内,35.50865936279297,139.72889709472656,インターネット,,
210038,株式会社　ＪＦＥサンソセンター,川崎市川崎区扇島１番地,35.4843864440918,139.7198486328125,インターネット,,
26800,ＪＦＥメカニカル株式会社　設備管理事務所１Ｆ　（設備管理事務所１Ｆエントランス）,川崎市川崎区扇島1の1,35.484352111816406,139.71966552734375,インターネット,,
514914,株式会社ミスミ 東日本流通センター,川崎区東扇島7-1,35.49677630638546,139.75054001031492,,月～土8:00～18:00,044-270-3251
189362,（株）デイ・シイ,川崎市川崎区浅野町1-1,35.51123046875,139.72506713867188,インターネット,,
156549,株式会社 ロジスティクス・ネットワーク 川崎ファズ物流センター,川崎市川崎区東扇島6-10,35.494205474853516,139.7523193359375,インターネット,,
72818,東亜石油株式会社京浜製油所 工場内,川崎市川崎区水江町３－１,35.51083755493164,139.74008178710938,インターネット ,,
135926,日酸運輸（株）川崎営業所,川崎市川崎区水江町3-3,35.51015853881836,139.74191284179688,インターネット,,
72817,㈱東亜テックス  工場内,川崎市川崎区水江町３－１,35.51087951660156,139.74034118652344,インターネット,,
80210,株式会社ユニエックス かわさきフアズ,川崎市川崎区東扇島6-10 かわさきフアズ内,35.49413299560547,139.75286865234375,インターネット,,
72816,大陽日酸㈱川崎水江事業所  第2製造会議室,川崎市川崎区水江町３－３,35.511173248291016,139.7418212890625,インターネット,,
189715,㈱野尻金属 川崎事業所,川崎市川崎区浅野町6-4,35.51370620727539,139.7273712158203,インターネット,,
17213,研究Ｃ棟（1Ｆエントランス）,川崎市川崎区南渡田町1-1,35.51084899902344,139.71800231933594,インターネット,,
189361,東日印刷株式会社 川崎工場,川崎市川崎区浅野町6番17号,35.513587951660156,139.7257537841797,インターネット,,
279792,ＪＦＥシステムズ株式会社　東日本事業所（京浜）,川崎市川崎区南渡田町1番1号 （京浜ビル 4F,35.510921478271484,139.71707153320312,インターネット,,
392277,須藤工業株式会社　工事事務所,神奈川県川崎市川崎区浅野町４－１０,35.514027864143245,139.7244093988363,,土日以外　８：００～１７：００,0443225856
135914,ＪＦＥ東日本ジーエス株式会社,川崎市川崎区南渡田町1-14,35.51112365722656,139.71627807617188,インターネット,,
539330,浅野町工場会館,川崎区浅野町1-4,35.51444681,139.7231578,神奈川県川崎市オープンデータ(2025年5月1日時点),平日 9時00分 17時00分,
265779,浜町交番 庁舎内,神奈川県川崎市川崎区浜町2-26-3,35.51415252685547,139.72056579589844,神奈川県オープンデータ(2018/10/1時点),,
80225,日本トランスシティ（株）横浜営業所,川崎市川崎区東扇島27-2(愛宕倉庫敷地内),35.49497604370117,139.76284790039062,インターネット,,
80211,日本通運株式会社川崎海運支店,川崎市川崎区東扇島27-4,35.49503707885742,139.7637481689453,インターネット,,
267541,港湾振興会館（川崎マリエン) 港湾振興会館業務棟4階エレベーター前,神奈川県川崎市港湾振興会館（川崎マリエン),35.496482849121094,139.76316833496094,神奈川県オープンデータ(2018/10/1時点),,
72826,川崎港運協会　東扇島埠頭８号岸壁休憩所,川崎市川崎区東扇島38-3,35.49649429321289,139.76327514648438,インターネット,,
72827,東扇島福利厚生センター,川崎市川崎区東扇島78-1,35.49641418457031,139.7584228515625,インターネット,,
539567,港湾振興会館（川崎マリエン),川崎区東扇島38-1,35.49680617,139.7635863,神奈川県川崎市オープンデータ(2025年5月1日時点),- - -,
539568,港湾振興会館（川崎マリエン）,川崎区東扇島38－1,35.49680617,139.7635863,神奈川県川崎市オープンデータ(2025年5月1日時点),- - -,
210416,（株）幸栄,川崎市川崎区東扇島３１−２,35.49672317504883,139.75706481933594,インターネット,,
45258,日本食肉流通センターＡ棟　エプロン,川崎市川崎区東扇島24,35.49795150756836,139.76480102539062,インターネット,,
72824,（財）日本食肉流通センター管理棟  受付,川崎市川崎区東扇島２４,35.497222900390625,139.76609802246094,インターネット,,
45262,㈱寳組　東扇島Ａ棟倉庫 / 東罐運送倉庫（株）,川崎市川崎区東扇島18-2,35.501426696777344,139.7623748779297,インターネット,,
72823,花王ロジスティクス株式会社 川崎ＬＣ,川崎市川崎区東扇島２３－７,35.50035095214844,139.766357421875,インターネット,,
135931,ロシュ・ダイアグノスティックス株式会社 東扇島ロジスティックスセンター,川崎市川崎区東扇島19-2,35.5020637512207,139.76382446289062,インターネット,,
210417,アトラスコプコ（株）東扇島倉庫,川崎市川崎区東扇島16-1,35.503074645996094,139.75843811035156,インターネット,,
18921,鈴与株式会社　第一ＤＣ事業部　東扇島物流センター　（事務所）,川崎市川崎区東扇島14-3,35.50446701049805,139.76419067382812,インターネット,,
135913,三菱ふそうトラック・バス株式会社 守衛室,川崎市川崎区東扇島23,35.50095748901367,139.77061462402344,インターネット,,
1889,東洋埠頭株式会社　東扇島支店　川崎港コンテナターミナル管理棟　（１Ｆ作業員控室）,川崎市川崎区東扇島92,35.50025939941406,139.77247619628906,インターネット,,
539569,東扇島東公園,川崎区東扇島58-1,35.50321114,139.769709,神奈川県川崎市オープンデータ(2025年5月1日時点),- 8時30分 18時00分,
80227,安田倉庫株式会社 東扇島営業所,川崎市川崎区東扇島13番6,35.50418472290039,139.7684783935547,インターネット,,
80212,日本通運株式会社川崎海運支店,川崎市川崎区東扇島30-5,35.49947738647461,139.77609252929688,インターネット,,
210340,川崎臨港倉庫埠頭（株）,川崎市川崎区千鳥町７−１,35.513370513916016,139.7529296875,インターネット,,
45278,京セラケミカル株式会社川崎工場,川崎市川崎区千鳥町9番2号,35.514774322509766,139.75445556640625,インターネット,,
72822,㈱日本触媒浮島工場,川崎市川崎区浮島町１０－１２,35.516204833984375,139.77301025390625,インターネット,,
20745,横浜税関　川崎税関支署,川崎市川崎区千鳥町11-1,35.517356872558594,139.75177001953125,インターネット,,
80235,サンケミカル株式会社 川崎工場,川崎市川崎区千鳥町13-2,35.51931381225586,139.7523956298828,インターネット,,
539351,浮島処理センター,川崎区浮島町509-1,35.51469447,139.7836408,神奈川県川崎市オープンデータ(2025年5月1日時点),1/1～3及び日曜日以外 8時30分 17時15分,
539352,かわさきエコ暮らし未来館,川崎区浮島町509-1,35.515337,139.7837039,神奈川県川崎市オープンデータ(2025年5月1日時点),月曜日以外 9時00分 16時00分,
541341,セブン-イレブン 川崎市電通り店,川崎市川崎区渡田新町２丁目８−２,35.52007865954295,139.70146174529643,市ホームページ,,
144870,㈱日本アレフ 川崎工場,川崎市川崎区渡田新町3-11-1,35.5194091796875,139.69956970214844,インターネット,,
539910,渡田中学校,川崎区渡田向町11-1,35.52049942,139.7028713,神奈川県川崎市オープンデータ(2025年5月1日時点),月火水木金 8時15分 21時00分,
539843,渡田中学校,川崎区渡田向町11-1,35.52049942,139.7028713,神奈川県川崎市オープンデータ(2025年5月1日時点),月火水木金 8時15分 16時45分,
539915,新町小学校,川崎区渡田新町3-15-1,35.51810189,139.7007324,神奈川県川崎市オープンデータ(2025年5月1日時点),月火水木金 8時30分 17時00分,
539742,新町小学校,川崎区渡田新町3-15-1,35.51810189,139.7007324,神奈川県川崎市オープンデータ(2025年5月1日時点),月火水木金 8時30分 17時00分,
80223,まなぶ鍼灸整骨院,川崎市川崎区渡田向町15-6,35.52030944824219,139.7034149169922,インターネット,,
265769,渡田交番 庁舎内,神奈川県川崎市川崎区渡田向町29-9,35.5197639465332,139.70350646972656,神奈川県オープンデータ(2018/10/1時点),,
392388,平安会館わたりだ,川崎市川崎区渡田3-2-10,35.51941840425867,139.70369834492377,ホームページ,,
135945,杉本電機産業㈱ 本社第２ビル,川崎市川崎区渡田向町10-1,35.522010803222656,139.7025604248047,インターネット,,
541320,セブン-イレブン 川崎渡田３丁目店,川崎市川崎区渡田３丁目１−１１,35.520412488464096,139.70416231633277,市ホームページ,,
135944,杉本電機産業㈱ 本社第一ビル,川崎市川崎区渡田向町6-5,35.522621154785156,139.70240783691406,インターネット,,
335879,新町しほかぜ保育園,川崎市川崎区渡田４丁目９−４,35.517609259210744,139.70326307061794,ステッカーを目視,,
135949,ベストライフ川崎,川崎市川崎区渡田新町3-1-5,35.521339416503906,139.6973419189453,インターネット,,
45281,望月歯科医院,川崎市川崎区小田1-9-3,35.5164909362793,139.69949340820312,インターネット,,
72792,聖クララ幼稚園,川崎市川崎区貝塚１－８－５,35.52369689941406,139.7017364501953,インターネット,,
80229,株式会社杉孝 川崎渡田ビル,川崎市川崎区渡田向町8-5,35.523380279541016,139.7032928466797,インターネット,,
80238,ライト薬局,川崎市川崎区渡田4-12-1,35.51765060424805,139.70486450195312,インターネット,,
265382,"神奈川県立川崎高等学校 ①1階事務室受付
②2階教室棟廊下",神奈川県川崎市川崎区渡田山王町22-6,35.517555236816406,139.69700622558594,神奈川県オープンデータ(2018/10/1時点),,
539457,かわさき健康づくりセンター,川崎区渡田新町3-2-1,35.52092386,139.6959801,神奈川県川崎市オープンデータ(2025年5月1日時点),施設営業日 9時00分 20時30分,
539456,かわさき健康づくりセンター,川崎区渡田新町3-2-1,35.52092386,139.6959801,神奈川県川崎市オープンデータ(2025年5月1日時点),施設営業日 9時00分 20時30分,
541344,セブン-イレブン 川崎元木２丁目店,川崎市川崎区元木２丁目６−１３,35.5222626214547,139.69665974001109,市ホームページ,,
384743,安藤歯科医院,川崎市川崎区渡田２丁目１,35.52237406537109,139.7054231379477,ステッカーを目視,,
156597,トヨタジョイパーク川崎,川崎市川崎区元木1-4-1,35.52376937866211,139.69827270507812,インターネット,,
539384,渡田老人いこいの家,川崎区渡田4-12-20,35.51706375,139.7052221,神奈川県川崎市オープンデータ(2025年5月1日時点),平日・土曜日 午前9時 午後4時,
541342,セブン-イレブン 川崎元木１丁目店,川崎市川崎区元木１丁目１−５,35.52455385291227,139.7002893078481,市ホームページ,,
222633,ウエインズトヨタ神奈川　川崎店,川崎市川崎区元木2-2-23,35.523284912109375,139.69683837890625,インターネット,,
156667,トヨタモビリティ神奈川　川崎店,川崎市川崎区元木1-1-16,35.52472686767578,139.6993865966797,ホームページ,,
332835,Dr.Drive川崎S.S,川崎市川崎区元木2-3-21,35.522620251607684,139.69557164247703,インターネット,,
541343,セブン-イレブン 川崎南町店,川崎市川崎区南町２１−９,35.52461060985982,139.69791321558682,市ホームページ,,
441764,京町クリニック,川崎市川崎区京町 1-9-11大森ビル1F,35.51785416095904,139.69509442197887,ホームページ,,
384634,トヨタレンタカー川崎,川崎市川崎区南町22,35.52433020547594,139.69732697332608,ステッカーを目視,,
441765,京町クリニック,川崎市川崎区京町 1-9-11大森ビル1F,35.51785416095904,139.69509442197887,ホームページ,,
541324,セブン-イレブン 川崎渡田山王町店,川崎市川崎区渡田山王町２−７,35.52064280232855,139.69440796663648,市ホームページ,,
265768,京町通交番 庁舎内,神奈川県川崎市川崎区小田1-2-3,35.516353607177734,139.696044921875,神奈川県オープンデータ(2018/10/1時点),,
80247,ライオンズマンション川崎第三,川崎市川崎区南町22-6,35.52448654174805,139.6970672607422,インターネット,,
282230,ウエインズトヨタ神奈川　川崎日進店,川崎市川崎区日進町２２−１０,35.523460388183594,139.6957244873047,ホームページ,,
539686,川崎消防署・消防局総合庁舎（川崎消防署）,川崎区南町20-7,35.52542678,139.6992136,神奈川県川崎市オープンデータ(2025年5月1日時点),- - -,
72799,エニタイムフィットネス 八丁畷店,川崎市川崎区池田２－７－９,35.52043914794922,139.694091796875,ステッカーを目視,,
80200,エルカーヒル川崎,川崎市川崎区南町21-19,35.525238037109375,139.69837951660156,ストリートビューでステッカーを確認,,
539474,小田こども文化センター,川崎区小田2-16-9,35.514395,139.7018571,神奈川県川崎市オープンデータ(2025年5月1日時点),平日・土日祝 9時30分 18時・21時,
72801,川崎信用金庫京町支店,川崎市川崎区京町１－１８－１１,35.51658630371094,139.69540405273438,インターネット,,
539378,小田老人いこいの家,川崎区小田2-16-9,35.514352,139.7018571,神奈川県川崎市オープンデータ(2025年5月1日時点),平日・土曜日 午前9時 午後4時,
267446,川崎消防署・消防局総合庁舎 7階救急課事務所,神奈川県川崎市川崎消防署・消防局総合庁舎,35.52553939819336,139.69918823242188,神奈川県オープンデータ(2018/10/1時点),,
156131,ヒルマ マーケットプレイス京町店,川崎市川崎区京町1-17-3,35.51744079589844,139.69451904296875,インターネット,,
72776,パチンコ　吉兆 川崎中央店,川崎市川崎区南町１９－７,35.52587127685547,139.69996643066406,インターネット,,
541322,セブン-イレブン 川崎小田３丁目店,川崎市川崎区小田３丁目９−１,35.51414354973923,139.70242427269196,市ホームページ,,
539589,池上新田球場,川崎区池上町1-3,35.52072519,139.7316372,神奈川県川崎市オープンデータ(2025年5月1日時点),- 8時00分 18時00分,
539685,臨港消防署,川崎区池上新町3-1-5,35.52229622,139.7315224,神奈川県川崎市オープンデータ(2025年5月1日時点),- - -,
72811,コストコホールセール川崎倉庫店　１階,川崎市川崎区池上新町３－１－４,35.5223503112793,139.73245239257812,インターネット,,
240134,ホームさくら,川崎市川崎区桜本２−４４−１１,35.52055358886719,139.72781372070312,インターネット,,
72788,理研アルマイト工業株式会社  工場内,川崎市川崎区桜本２－４４－１,35.521156311035156,139.72805786132812,インターネット,,
265777,川崎臨港警察署 1階行政事務室,神奈川県川崎市川崎区池上新町2-17-14,35.52310562133789,139.73123168945312,神奈川県オープンデータ(2018/10/1時点),,
541309,セブン-イレブン 川崎池上新町１丁目店,川崎市川崎区池上新町１丁目６−５,35.523189491131376,139.72908215379596,市ホームページ,,
56316,宇佐美   川崎産業道路SS,神奈川県川崎市川崎区池上新町2-21-2,35.52349853515625,139.7318115234375,インターネット,,
72787,特別養護老人ホーム桜寿苑  事務所,川崎市川崎区桜本２－３９－４,35.52114486694336,139.72634887695312,インターネット ,,
240135,㈱ペスカ,川崎市川崎区池上新町２−５−１０鳥井第一ビル,35.524085998535156,139.72898864746094,ストリートビューでステッカーを確認,,
539841,桜本中学校,川崎区池上新町1-2-4,35.52319167,139.7270503,神奈川県川崎市オープンデータ(2025年5月1日時点),- - -,
240136,こ・こ・ろ生活デイサービス,川崎市川崎区池上新町2-22-3,35.524864196777344,139.7309112548828,インターネット,,
189525,ＮＰＯ法人エスエスエス 神奈川支部 塩浜第一荘,川崎市川崎区塩浜2-24-26,35.52330780029297,139.73556518554688,インターネット,,
56062,向島運送(株)神奈川営業所,川崎市川崎区四谷下町26-44,35.52406692504883,139.73536682128906,インターネット,,
539897,田島支援学校桜校,川崎区池上新町1-1-3,35.52365706,139.7258524,神奈川県川崎市オープンデータ(2025年5月1日時点),月火水木金 8時30分 21時,
267487,塩浜営業所 2階事務室,神奈川県川崎市塩浜営業所,35.5194091796875,139.73785400390625,神奈川県オープンデータ(2018/10/1時点),,
541308,セブン-イレブン 川崎四谷上町店,川崎市川崎区四谷上町１８−８,35.525599484080935,139.73201488585332,市ホームページ,,
274265,ライフ川崎桜本店,川崎市川崎区桜本２丁目１６−１,35.521121978759766,139.72348022460938,ホームページ,,
407218,エニタイムフィットネス　大師店,川崎市川崎区池上新町 2-1-1 TSUTAYA大師店 2F,35.52484088691071,139.7261464982967,ホームページ,,
265383,神奈川県立大師高等学校 1階事務室内,神奈川県川崎市川崎区四谷下町25-1,35.52443313598633,139.73655700683594,神奈川県オープンデータ(2018/10/1時点),8:30～17:00,
274431,マルハン川崎桜本店,川崎市川崎区川崎区桜本１丁目１４−６,35.517967224121094,139.72354125976562,インターネット,,
539382,桜本老人いこいの家,川崎区桜本2-5-2,35.52149731,139.7228887,神奈川県川崎市オープンデータ(2025年5月1日時点),平日・土曜日 午前9時 午後4時,
392389,アクイール塩浜,川崎市川崎区塩浜3-31-2,35.5176194428523,139.7389597272819,ホームページ,,
539587,桜川球場,川崎区桜本1-14-3,35.51904667,139.7225725,神奈川県川崎市オープンデータ(2025年5月1日時点),- 8時00分 18時00分,
281843,かんのん町保育園,川崎市川崎区観音１丁目１０−３,35.52584457397461,139.72608947753906,ホームページ,,
541305,セブン-イレブン 川崎塩浜２丁目店,川崎市川崎区塩浜２丁目１３−５,35.523490744207876,139.73871865755945,市ホームページ,,
333117,横浜日野自動車　川崎支店,川崎市川崎区四谷下町25-6,35.523958706713785,139.7384315384311,ホームページ,,
539774,藤崎小学校,川崎区藤崎3-2-1,35.52554817,139.7252451,神奈川県川崎市オープンデータ(2025年5月1日時点),月火水木金 8時25分 16時55分,
539904,藤崎小学校,川崎区藤崎3-2-1,35.52554817,139.7252451,神奈川県川崎市オープンデータ(2025年5月1日時点),月火水木金土日 8時30分 21時00分,
17540,メディカルホーム　グラニー川崎大師　（１Ｆロビー）,川崎市川崎区四谷上町1-11,35.527259826660156,139.7315673828125,インターネット,,
539775,さくら小学校,川崎区桜本1-9-15,35.52062086,139.7219702,神奈川県川崎市オープンデータ(2025年5月1日時点),月火水木金 8時30分 21時00分,
392321,よつば保育園,川崎市川崎区四谷上町１４−８,35.52711921331139,139.73341083524932,ステッカーを目視,,
539458,かわさき南部斎苑,川崎区夜光3-2-7,35.51691236,139.7392812,神奈川県川崎市オープンデータ(2025年5月1日時点),- 0時00分 0時00分,
352711,桜本保育園,川崎市川崎区桜本１丁目９−１５,35.52104181861073,139.72192175440438,ステッカーを目視,,
539657,入江崎水処理センター,川崎区塩浜3-17-1,35.51943592,139.7402591,神奈川県川崎市オープンデータ(2025年5月1日時点),平日 8時30分 17時00分,
45290,西尾レントオール株式会社測器東京営業所,川崎市川崎区塩浜2-7-3,35.52335739135742,139.73944091796875,インターネット,,
135908,川崎医療生活協同組合 生協歯科クリニック,川崎市川崎区桜本2-1-22,35.52174758911133,139.72154235839844,インターネット,,
135923,四谷町内会館,川崎市川崎区四谷上町23-20,35.52714538574219,139.73583984375,インターネット,,
539475,ふれあい館・桜本こども文化センター,川崎区桜本1-5-6,35.51898669,139.7210124,神奈川県川崎市オープンデータ(2025年5月1日時点),平日と土日祝 9時30分 18時・21時,
392320,マジオたんぽぽ保育園観音,川崎市川崎区観音１丁目８−２０,35.52717802980459,139.7260988668871,ステッカーを目視,,
59090,Curves大師桜本,川崎市川崎区桜本1-8-4,35.520835876464844,139.7209014892578,インターネット ,,
204448,新栄商事株式会社,川崎市川崎区四谷下町19-1,35.52546691894531,139.73892211914062,実物目視,平日・土曜7：30～17：00,
539771,四谷小学校,川崎区四谷下町4-1,35.52678178,139.7376714,神奈川県川崎市オープンデータ(2025年5月1日時点),月火水木金 8時30分 17時00分,
40697,日本乳化剤株式会社,川崎市川崎区千鳥町1番1号,35.52317810058594,139.75430297851562,インターネット,,
47894,㈱日本触媒　川崎製造所　千鳥工場,川崎市川崎区千鳥町14-1,35.52188491821289,139.7530517578125,インターネット,,
445797,三菱ケミカル物流株式会社　川崎油槽所,川崎市川崎区千鳥町１－３,35.526530641383964,139.75732154751964,ストリートビューでステッカーを確認,,
267539,臨港消防署千鳥町出張所 1階受付,神奈川県川崎市臨港消防署千鳥町出張所,35.52245330810547,139.75253295898438,神奈川県オープンデータ(2018/10/1時点),,
72821,東燃ゼネラル石油川崎工場,川崎市川崎区浮島町６－１,35.52519226074219,139.7696533203125,インターネット,,
541304,セブン-イレブン 川崎塩浜店,川崎市川崎区夜光１丁目７−９,35.52545119009634,139.749611355005,市ホームページ,,
72814,大同特殊鋼株式会社  工場内,川崎市川崎区夜光２－４－１,35.52238082885742,139.7465057373047,インターネット,,
80208,関東運輸局神奈川運輸支局川崎自動車検査登録事務所,川崎市川崎区塩浜3-24-1,35.52425003051758,139.74578857421875,インターネット,,
329866,東亞合成（株）川崎工場,川崎市川崎区浮島町７−４,35.52393361795255,139.77667807465514,インターネット,,
265781,浮島橋交番 庁舎内,神奈川県川崎市川崎区浮島町4-1,35.53130340576172,139.76991271972656,神奈川県オープンデータ(2018/10/1時点),,
537393,けんせつパーク川崎センター,川崎市川崎区塩浜４丁目８−２３,35.526437496071786,139.74627777428773,ホームページ,,
72813,Ｃｏｖｉｄｉｅｎ Ａｄｖａｎｃｅｄ Ｔｒａｉｎｉｎｇ Ｃｅｎｔｅｒ Ｋａｗａｓａｋｉ,川崎市川崎区塩浜3-24-11,35.52244567871094,139.7443389892578,インターネット,,
80206,日本貨物鉄道株式会社 川崎車両所,川崎市川崎区塩浜4-11-20,35.52900695800781,139.74810791015625,インターネット ,,
72819,大陽日酸㈱川崎事業所  工場内,川崎市川崎区小島町６－２,35.53396224975586,139.7618865966797,インターネット ,,
539359,南部リサイクルセンター,川崎区夜光3-1-3,35.51974,139.74379,神奈川県川崎市オープンデータ(2025年5月1日時点),日曜日以外 8時30分 17時15分,
539663,入江崎総合スラッジセンター,川崎区塩浜3-24-12,35.52194167,139.7436018,神奈川県川崎市オープンデータ(2025年5月1日時点),平日 8時30分 17時00分,
72812,㈱ニチユウ京浜リサイクルセンター  工場内,川崎市川崎区塩浜３－２４－１０,35.52344512939453,139.74391174316406,,,
72626,花王株式会社　川崎工場,川崎市川崎区浮島町１－２,35.53326416015625,139.76792907714844,インターネット,,
539360,川崎生活環境事業所,川崎区塩浜4-11-9,35.5307412,139.7489482,神奈川県川崎市オープンデータ(2025年5月1日時点),1/1～3及び日曜日以外 8時00分 16時45分,
539650,入江崎余熱利用プール,川崎区塩浜3-24-12,35.52217,139.7432536,神奈川県川崎市オープンデータ(2025年5月1日時点),"休館日以外 10時00分
7・8月は9時 20時00分",
267883,王禅寺余熱利用市民施設 3階フロント,神奈川県川崎市王禅寺余熱利用市民施設,35.52214050292969,139.74319458007812,神奈川県オープンデータ(2018/10/1時点),,
80232,東芝浜川崎工場 浮島分工場,川崎市川崎区浮島町4-1,35.53203582763672,139.771484375,インターネット,,
80231,ニチアス株式会社 川崎配送センター,川崎市川崎区塩浜4-2-1,35.5264778137207,139.7445526123047,インターネット,,
80230,（株）和楽 新社屋,川崎市川崎区塩浜3-24-100,35.524471282958984,139.7435302734375,インターネット,,
135932,第一コンクリート株式会社京浜工場,川崎市川崎区夜光1-1-1,35.5322380065918,139.750244140625,インターネット,,
19803,上野輸送株式会社,川崎市川崎区小島町6-3,35.535037994384766,139.76202392578125,インターネット,,
189131,全日本空輸株式会社殿町オフィス		１階ＡＮＡスカイサービス事務所内,川崎市川崎区殿町3-26-3	,35.535186767578125,139.76451110839844,インターネット,,
329865,セントラル硝子株式会社　川崎工場,川崎市川崎区浮島町１０番２号,35.52436262145359,139.77952993032295,インターネット,,
80236,株式会社タケエイ 塩浜リサイクルセンター,川崎市川崎区塩浜3-22-1,35.524513244628906,139.74244689941406,インターネット,,
80209,パーカー熱処理工業株式会社,川崎市川崎区田町3-13-10,35.532806396484375,139.74960327148438,インターネット,,
23800,新興プランテック㈱,川崎市川崎区田町3-14-10,35.53297805786133,139.74989318847656,インターネット,,
372991,山九重機工株式会社,川崎市川崎区塩浜４丁目１３－１,35.532418581465464,139.74855798869757,ステッカーを目視,,
539665,塩浜営業所,川崎区塩浜2-2-1,35.5258985,139.7417469,神奈川県川崎市オープンデータ(2025年5月1日時点),日・月・火・水・木・金・土 5時00分 0時00分,
537431,サニクリーン東京 京浜営業所,川崎市川崎区塩浜１丁目１５−１２,35.52878904796823,139.74328527128657,ホームページ,,
209723,丸一海運株式会社東京化学品センター,川崎市川崎区浮島町９−３,35.52436065673828,139.7819061279297,インターネット,,
80241,特別養護老人ホーム 大師の里,川崎市川崎区日ノ出2-7-1,35.53037643432617,139.7431182861328,インターネット,,
39023,旭国際テクネイオン株式会社　川崎事業所,川崎市川崎区日ノ出2-13-19,35.53178024291992,139.7444610595703,インターネット,,
539334,かわさき新産業創造センター,幸区新川崎7-7,35.546019,139.672126,神奈川県川崎市オープンデータ(2025年5月1日時点),年末年始以外利用可能 9時00分 17時00分,
261951,日本IBM  新川崎事業所,川崎市幸区新川崎7-7 新川崎創造のもり地区内かわさき新産業創造センター,35.545738220214844,139.67269897460938,インターネット,,
539333,かわさき新産業創造センター,幸区新川崎7-7,35.54563214,139.6727893,神奈川県川崎市オープンデータ(2025年5月1日時点),年末年始以外利用可能 9時00分 17時00分,
539335,慶應義塾大学新川崎タウンキャンパス厚生棟,幸区新川崎7-1,35.54677647,139.6712461,神奈川県川崎市オープンデータ(2025年5月1日時点),年末年始以外利用可能 8時30分 17時00分,
541369,セブン-イレブン 川崎夢見ヶ崎店,川崎市幸区小倉２丁目２−１１,35.54463446343573,139.66880501000654,市ホームページ,,
170877,富士通新川崎テクノロジースクエア受付,神奈川県川崎市幸区新小倉１－１,35.543643951416016,139.67300415039062,,,
337139,まなびの森保育園　矢向,川崎市幸区小倉3-1-15,35.542589798404194,139.67157490014915,ホームページ,,
170878,富士通新川崎テクノロジースクエア防災センター,神奈川県川崎市幸区新小倉１－１,35.54362869262695,139.67379760742188,,,
265791,日吉交番 庁舎内,神奈川県川崎市幸区南加瀬1-9-5,35.545265197753906,139.6674346923828,神奈川県オープンデータ(2018/10/1時点),,
282339,グループホームみんなの家・新川崎,川崎市幸区小倉３丁目１２−２,35.541908264160156,139.67161560058594,ステッカーを目視,,
282340,ケアビレッジ小倉,川崎市幸区小倉3丁目9−20,35.541954040527344,139.66973876953125,ステッカーを目視,,
267699,特別養護老人ホーム夢見ヶ崎 1階フロア,神奈川県川崎市特別養護老人ホーム夢見ヶ崎,35.546897888183594,139.66775512695312,神奈川県オープンデータ(2018/10/1時点),,
451892,レジデンシャルスクエア,川崎市幸区新川崎６－１,35.54824309037651,139.67072441867538,,,
259400,すまいるスペースそよ風の手紙,川崎市幸区南加瀬１－１－２－Ｂ１Ｆ,35.547298431396484,139.66806030273438,ホームページ,平日（９時３０分～１８時）不在時使用不可,
352715,こぶし園,川崎市幸区小倉３丁目１４−１７,35.54127217494852,139.67103294517617,ステッカーを目視,,
502659,レジデンシャルスクエア,川崎市幸区新川崎６－１,35.54915760628856,139.6705517237858,,,
541366,セブン-イレブン 川崎小倉３丁目店,川崎市幸区小倉３丁目２０−５,35.54080652908808,139.67147072471894,市ホームページ,,
539755,新小倉小学校,川崎市幸区新小倉 2 番 15 号,35.54123859,139.6733575,神奈川県川崎市オープンデータ(2025年5月1日時点),月火水木金 8時15分 16時45分,
136064,セルプきたかせ,川崎市幸区北加瀬1-31-5,35.54904556274414,139.66876220703125,インターネット,,
274501,セントラルフィットネスクラブ新川崎,川崎市幸区小倉１－１,35.54785919189453,139.67535400390625,インターネット,,
209719,ステーションスイート	南棟エレベータホール１階,川崎市幸区新川崎5-1,35.54963684082031,139.6704559326172,インターネット,,
209718,ステーションスイート	南棟エレベータホール１階,川崎市幸区新川崎5-1,35.54963684082031,139.6704559326172,インターネット,,
476841,小俣歯科医院,川崎市幸区小倉２丁目２５−６,35.54073654297052,139.66853117628995,ストリートビューでステッカーを確認,,
156160,夢見ヶ崎ローンテニスクラブ,川崎市幸区北加瀬1-31-1,35.54935073852539,139.66851806640625,インターネット,,
259399,一般社団法人そよ風の手紙,川崎市幸区南加瀬１－１２－１３,35.54723358154297,139.6653594970703,,２４時間（ただし、不在時は使用できません）,
95633,㈱富士通パーソナルズ 事業推進部 パーソナルコンタクトセンター,川崎市幸区鹿島田890-12　新川崎三井ビル西棟21階,35.5498046875,139.67335510253906,インターネット,,
239132,アラクサラネットワークス株式会社,川崎市幸区鹿島田890　新川崎三井ビル西棟13F,35.54983901977539,139.67349243164062,インターネット,,
224558,きらら川崎小倉,川崎市幸区小倉２丁目２１,35.54138946533203,139.66629028320312,インターネット,,
72687,新川崎三井ビルディング  地下１Ｆ防災センター,川崎市幸区鹿島田６９０,35.5499267578125,139.67369079589844,インターネット,,
343864,プレシャス スターズ保育園,川崎市幸区塚越３丁目４２７−５,35.54408185958206,139.67758651372097,ステッカーを目視,,
34092,熊澤歯科医院,川崎市幸区塚越3-135-4  2F,35.544403076171875,139.67771911621094,インターネット,,
379356,ミアヘルサ保育園ひびき   夢見ヶ崎,川崎市幸区南加瀬1-13-5,35.546985597028474,139.6646813001491,ホームページ,,
229169,ステーションスイート 西棟エレベータホール１階,川崎市幸区新川崎5-1,35.55046844482422,139.67013549804688,実物を目視,,
476840,共創未来 川崎小倉薬局,川崎市幸区小倉3-28-12,35.53950675784266,139.6700552915508,ストリートビューでステッカーを確認,,
95643,クレッセント新川崎Ⅳ,川崎市幸区小倉377番地,35.53965377807617,139.66888427734375,インターネット,,
378915,三井のリハウス　新川崎センター,川崎市幸区鹿島田１－１－３新川崎スクエア３Ｆ,35.55041714906437,139.67311752798437,ホームページ,,
210208,ジェクサーフィットネス＆スパ新川崎,川崎市幸区鹿島田１−１−３　新川崎スクエア,35.550479888916016,139.67298889160156,インターネット,,
72688,キャノン㈱矢向事業所  正面入口防災センターＡ棟２Ｆ廊下Ｂ棟４Ｆ廊下Ｃ棟４Ｆ廊下,川崎市幸区塚越３－４１５,35.542362213134766,139.67726135253906,インターネット,,
72680,川崎信用金庫 加瀬支店  １Ｆ待合ロビー,川崎市幸区南加瀬３－６－１,35.545108795166016,139.6638946533203,インターネット,,
72679,京急ストア新川崎店,川崎市幸区新川崎５－２,35.550750732421875,139.67013549804688,ホームページ,,
472957,（株）日能研関東新川崎校,幸区鹿島田1丁目1－3新川崎スクエア3階,35.55053935533881,139.6731041923026,日能研関東総務部,教室が開いている時間は利用可能,044－542-7075
541357,セブン-イレブン 川崎戸手町店,川崎市幸区戸手４丁目１−１７,35.542440067850116,139.694779054422,市ホームページ,,
265785,河原町交番 庁舎内,神奈川県川崎市幸区河原町1-31,35.541812896728516,139.694580078125,神奈川県オープンデータ(2018/10/1時点),,
476826,遠藤町ファミリー歯科,川崎市幸区遠藤町４７,35.5427771732301,139.69375920014912,ストリートビューでステッカーを確認,,
476827,トヨタL&F神奈川 川崎営業所,川崎市幸区遠藤町４４,35.54244325546782,139.6937778446471,ストリートビューでステッカーを確認,,
509644,橋爪医院,川崎市幸区戸手2-3-12,35.54530132909718,139.69284970643753,,,044-522-0415
509651,橋爪医院,川崎市幸区戸手2-3-12,35.545323153052195,139.69284970643753,,,044-522-0415
189078,かわの風保育園,川崎市幸区戸手2-12-10,35.54424285888672,139.6928253173828,インターネット,,
267646,河原町ふれあいデイサービスセンター 事務室,神奈川県川崎市河原町ふれあいデイサービスセンター,35.5402717590332,139.69432067871094,神奈川県オープンデータ(2018/10/1時点),,
541356,セブン-イレブン 川崎小向東店,川崎市幸区小向町４−３,35.5491193097498,139.6937194783721,市ホームページ,,
265787,小向東芝町交番 庁舎内,神奈川県川崎市幸区小向東芝町8,35.54894256591797,139.69314575195312,神奈川県オープンデータ(2018/10/1時点),,
95639,小規模多機能ホーム 奏,川崎市幸区小向仲野町1-24,35.5503044128418,139.69436645507812,インターネット,,
412474,コーナン川崎小向店,川崎市幸区小向西町2丁目4番地,35.5469405558579,139.69198170934177,ホームページ,,
136055,田村外科病院,川崎市幸区戸手1丁目9-13,35.54624557495117,139.69178771972656,インターネット,9:00-17:00,
80201,ザクス,川崎市川崎区中瀬3-20-15,35.539581298828125,139.73257446289062,インターネット,,
265120,ライフイノベーションセンター 1Ｆ管理事務所内(受付前)、4Ｆエレベーターホール,神奈川県川崎市川崎区殿町3-25-22,35.53986740112305,139.7581024169922,神奈川県オープンデータ(2018/10/1時点),1Ｆ6:00～23:00、4Ｆ24時間 (通年休業日)なし,
219984,実験動物中央研究所,神奈川県川崎市川崎区殿町3丁目25番12,35.539974212646484,139.7543182373047,ステッカーを目視,,
267484,臨港消防署殿町出張所 1階受付,神奈川県川崎市臨港消防署殿町出張所,35.53831481933594,139.75425720214844,神奈川県オープンデータ(2018/10/1時点),,
541300,セブン-イレブン 川崎殿町３丁目店,川崎市川崎区殿町３丁目１８−２,35.538553578063144,139.7510107122468,市ホームページ,,
539471,殿町こども文化センター,川崎区殿町1-18-13,35.53848425,139.7461883,神奈川県川崎市オープンデータ(2025年5月1日時点),平日・土日祝 9時30分 18時・21時,
422328,ゆらりん家・KIDSゆらりん,川崎市麻生区岡上710-1,35.57946028976411,139.48399142798442,ホームページ,,
265843,岡上駐在所 庁舎内,神奈川県川崎市麻生区岡上234-4,35.580299377441406,139.48501586914062,神奈川県オープンデータ(2018/10/1時点),,
201199,高齢者グループホーム　みのりの家麻生,川崎市麻生区下麻生３－４１－２０,35.572261810302734,139.510009765625,日本救急医療財団 全国AEDマップ,,
541465,セブン-イレブン 川崎有馬６丁目店,川崎市宮前区有馬６丁目２−１２,35.571478338490955,139.58081181419388,市ホームページ,,
265822,有馬交番 庁舎内,神奈川県川崎市宮前区有馬7-3-2,35.57143783569336,139.5802764892578,神奈川県オープンデータ(2018/10/1時点),,
266134,有馬交番 庁舎内,神奈川県川崎市宮前区有馬7-3-2,35.57143783569336,139.5802764892578,神奈川県オープンデータ(2018/10/1時点),,
274271,ライフ有馬五丁目店,川崎市宮前区有馬５丁目２１−１５,35.57209777832031,139.58155822753906,ホームページ,,
541466,セブン-イレブン 川崎有馬７丁目店,川崎市宮前区有馬７丁目１２−１,35.57027165624187,139.57510115608918,市ホームページ,,
332865,Dr.Driveさぎ沼SS,川崎市宮前区有馬8-8-3,35.5742703057218,139.57690701794013,ホームページ,,
33032,東横恵愛病院   Ａ－１病棟/ Ａ－２病棟/ Ｃ棟３Ｆ,川崎市宮前区有馬4-17-23,35.575435638427734,139.58279418945312,インターネット,,
265387,"神奈川県立川崎北高等学校 ①事務室
②体育館",神奈川県川崎市宮前区有馬3-22-1,35.57383728027344,139.58631896972656,神奈川県オープンデータ(2018/10/1時点),8:30～17:00 (通年休業日)土・日・祝日・年末年始,
393687,鷺沼ピノキオ保育園,川崎市宮前区東有馬４丁目５−２０,35.56999054831621,139.58848674144747,ステッカーを目視,,
49254,サギヌマスイミングクラブ鷺沼,川崎市宮前区有馬４－３－２１,35.576080322265625,139.57911682128906,インターネット,,
526690,トヨタ モビリティパーツ 神奈川支社 高津店,川崎市宮前区有馬３丁目１３−７,35.575703944972624,139.5847701202694,ストリートビューでステッカーを確認,,
262012,ＡＳＡ鷺沼　得配市場販売センター,川崎市宮前区有馬4-4-1　アイビー鷺沼１Ｆ,35.576698303222656,139.58035278320312,インターネット,,
72671,有馬病院,川崎市宮前区有馬３－１０－７,35.576236724853516,139.58436584472656,インターネット,,
377582,くらしの友　鷺沼総合斎場,川崎市宮前区有馬1-24-16,35.577150928503656,139.58059877891063,ホームページ,,
279527,メガロス 鷺沼,川崎市宮前区有馬1丁目21-3,35.57661056518555,139.57705688476562,インターネット,,
136964,鷺沼ハイライズ,川崎市宮前区鷺沼1-6-7,35.576114654541016,139.5758819580078,インターネット,,
279528,明日葉保育園 鷺沼園,川崎市宮前区鷺沼１丁目6−3,35.57585906982422,139.5750274658203,ステッカーを目視,,
189419,こにしクリニック,川崎市宮前区鷺沼1-3-13,35.576725006103516,139.57521057128906,インターネット,,
279529,わらべうた 鷺沼保育園,川崎市宮前区鷺沼１丁目８−５,35.57528305053711,139.57315063476562,ステッカーを目視,,
541464,アクアビル,川崎市宮前区東有馬３丁目１５−１０,35.57128889743165,139.5910718017911,ストリートビューでステッカーを確認,,
422288,クラーチ・ファミリア宮前,川崎市宮前区宮前区東有馬１丁目１６−８,35.57488458661459,139.5896593688663,ストリートビューでステッカーを確認,,
331095,トヨタモビリティ神奈川 さぎ沼店,川崎市宮前区有馬３丁目３−６,35.57786971925679,139.58646428310158,ホームページ,,
144921,鷺沼東パークホームズ,川崎市宮前区有馬2-7-15,35.578800201416016,139.5836944580078,インターネット,,
174569,鷺沼人工腎臟石川クリニック,川崎市宮前区鷺沼1丁目10-3,35.57719421386719,139.5739288330078,インターネット,,
344588,もと歯科医院クリニック,川崎市宮前区鷺沼１－１０－４４－１Ａ,35.57767881264593,139.57459973473036,インターネット,,
344224,西有馬 おひさま保育園,川崎市宮前区有馬１丁目８−６,35.57925102101287,139.57878279171055,ステッカーを目視,,
49253,ルミエール小児歯科　１階診療室,川崎市宮前区鷺沼１－２－２,35.578216552734375,139.57501220703125,インターネット,,
267949,宮前消防署宮崎出張所 1階受付,神奈川県川崎市宮前消防署宮崎出張所,35.57902145385742,139.585205078125,神奈川県オープンデータ(2018/10/1時点),,
343724,みかど荘,川崎市宮前区野川１４１３,35.57084033873143,139.61040570116234,ステッカーを目視,,
343723,ティンクル くぬぎ坂保育園,川崎市宮前区野川１４８３−１,35.57153545482448,139.6134730888087,ステッカーを目視,,
375880,グループホームみんなの家・川崎野川南台,川崎市宮前区南野川2−３８−５,35.56779636245651,139.60820111364094,ホームページ,,
267938,宮前消防署野川出張所 1階受付,神奈川県川崎市宮前消防署野川出張所,35.57191848754883,139.6068572998047,神奈川県オープンデータ(2018/10/1時点),,
343722,オーケー 野川店,川崎市宮前区野川本町２丁目３２−７,35.5727876790827,139.6143892831016,ステッカーを目視,,
27761,セレサ川崎農業協同組合　野川支店,川崎市宮前区野川1094-1,35.57400131225586,139.61117553710938,インターネット,,
225414,吉兆川崎野川店,川崎市高津区野川1194-1,35.57176208496094,139.61573791503906,インターネット,,
541421,セブン-イレブン 川崎野川くぬぎ坂店,川崎市高津区東野川１丁目１９−２９,35.5708748984528,139.6161940369521,市ホームページ,,
348082,愛の家グループホーム 高津野川,川崎市高津区東野川2-25-1,35.56573555483927,139.61227057131308,ホームページ,,
240056,フィットケアデポ久末店,川崎市高津区野川３９３１番１,35.565650939941406,139.6135711669922,インターネット,,
136418,ゆめこどもクリニック,川崎市高津区野川3950 久末メディカルビレッジB棟2F,35.56493377685547,139.61253356933594,ストリートビューでステッカーを確認,,
541420,セブン-イレブン 川崎高津野川店,川崎市高津区東野川２丁目３７−６,35.56447008146616,139.6117399811967,市ホームページ,,
219983,Ｈｏｎｄａ　Ｃａｒｓ　神奈川東　高津店,神奈川県川崎市高津区野川３７１２,35.57292556762695,139.61793518066406,インターネット,,
343969,セントケア宮前野川,川崎市宮前区野川３２２０−１,35.57168441227,139.60339541178854,インターネット,,
541422,セブン-イレブン 川崎野川東店,川崎市高津区東野川１丁目４−１３,35.57290276256755,139.61815674805987,市ホームページ,,
240057,フィットケアデポ野川店,川崎市高津区野川３７０３,35.573238372802734,139.61825561523438,インターネット,,
553936,Fit Care DEPOT 上野川店,川崎市宮前区野川本町２丁目１−１６,35.57695925427113,139.61112232611774,ストリートビューでステッカーを確認,,
49256,川崎信用金庫野川支店　１階ロビー,川崎市宮前区野川５３５－２,35.573829650878906,139.61837768554688,インターネット,,
343731,ティンクル上野川保育園,川崎市宮前区 野川１８８,35.57722794981485,139.61022658932663,ステッカーを目視,,
49255,ケアハウス青田風　１階フロアー,川崎市宮前区野川３１３４－５,35.57508850097656,139.60423278808594,インターネット,,
541459,セブン-イレブン 川崎野川台店,川崎市宮前区野川 台１丁目２７−１０,35.574279368342076,139.60329801200058,市ホームページ,,
541460,セブンイレブン川崎野川店,川崎市宮前区野川本町１丁目３,35.57777767023469,139.61127196650207,市ホームページ,,
348083,愛の家グループホーム 宮前野川,川崎市宮前区野川本町1-19-38,35.577587380845955,139.61497560689503,ホームページ,,
76530,ヒルサイド久末,川崎市高津区久末474-1,35.56354522705078,139.61734008789062,インターネット,,
72675,サンシャイン川崎宮前  １階受付,川崎市宮前区野川５１８,35.57560729980469,139.61865234375,インターネット,,
541418,セブン-イレブン 川崎久末団地店,川崎市高津区久末３３８−３,35.56235023865661,139.61533721996173,市ホームページ,,
412484,コーナン宮前上野川店,川崎市宮前区西野川1丁目33番44号,35.57795848635169,139.60751027079846,ホームページ,,
343732,セントケアホーム川崎宮前,川崎市宮前区野川本町１丁目１−８,35.57887828149758,139.60997078738438,ステッカーを目視,,
541423,セブン-イレブン 川崎久末北店,川崎市高津区久末１９６５−１,35.57074754494464,139.62208713821445,市ホームページ,,
332151,日産プリンス神奈川　野川店,川崎市高津区東野川１−１−６１,35.57460072157162,139.62061119829673,インターネット,,
265813,久末交番 庁舎内,神奈川県川崎市高津区久末1281-7,35.569400787353516,139.62228393554688,神奈川県オープンデータ(2018/10/1時点),,
72669,ロイヤルホームセンター梶ヶ谷店  事務所,川崎市宮前区野川９９－１,35.57944869995117,139.61041259765625,インターネット,,
541419,緑成会 特別養護老人ホーム新緑の郷,川崎市高津区久末473番地14,35.56211853228708,139.61745668323886,ストリートビューでステッカーを確認,,
251966,アミカの郷ちとせ,川崎市高津区千年７６番地,35.57280731201172,139.62222290039062,インターネット,,
391017,久世歯科医院,川崎市宮前区野川台２丁目4−２１,35.57470562944885,139.60055894025288,ステッカーを目視,,
343979,介護付有料老人ホーム　 ニチイホーム元住吉,川崎市中原区下小田中６丁目２６−２０,35.57094476714968,139.64050689500127,ステッカーを目視,,
275343,アスク下小田中保育園,川崎市中原区下小田中3-29-16,35.572113037109375,139.64202880859375,インターネット,,
337138,まなびの森保育園　武蔵中原,川崎市中原区下小田中6-15-13,35.57199969713873,139.63907549914836,ホームページ,,
348081,愛の家グループホーム 中原下小田中,川崎市中原区下小田中3-28-18,35.5723777537833,139.64260451364095,ホームページ,,
240067,フィットケアデポ下小田中店,川崎市中原区下小田中６−２８−１８,35.570438385009766,139.6376190185547,インターネット ,,
541403,セブン-イレブン 川崎井田三舞町店,川崎市中原区井田三舞町６−４２,35.57045055675648,139.64518129689841,市ホームページ,,
541407,セブン-イレブン 川崎下小田中店,川崎市中原区下小田中６丁目３−１,35.57358343272176,139.63983200073935,市ホームページ,,
72676,井田共和会館,川崎市中原区井田中ノ町１３－２４,35.56650161743164,139.64273071289062,インターネット,,
332972,株式会社リブワークス東神奈川支店,神奈川県川崎市高津区明津80,35.56658857931129,139.63852704319993,,平日8時30分～17時30分,
240058,フィットケアデポ明津店,川崎市高津区明津２４０,35.5666389465332,139.6378936767578,インターネット,,
265801,下小田中交番 庁舎内,神奈川県川崎市中原区下小田中6-6-11,35.573795318603516,139.63865661621094,神奈川県オープンデータ(2018/10/1時点),,
174994,杉本電機産業㈱ 中原営業所,川崎市高津区明津141,35.567726135253906,139.63658142089844,インターネット,,
391370,川崎子母口雲母保育園,川崎市高津区子母口５４５−１,35.57110902037765,139.6352535568552,ステッカーを目視,,
384505,もとい歯科クリニック,川崎市高津区子母口６９５－１　パークビュー宮台１Ｆ,35.56867662784807,139.63511987891061,ステッカーを目視,,
239348,こやま歯科医院,川崎市中原区下小田中６－２１－８,35.57181167602539,139.63526916503906,インターネット,,
344558,さかもと内科クリニック,川崎市中原区井田１－３６－３　１Ｆ,35.5650542727872,139.63997240200158,インターネット,,
91740,ライフデンタルクリニック,川崎市中原区井田1-36-3,35.56504821777344,139.63983154296875,インターネット,,
156280,すずき耳鼻咽喉科クリニック,川崎市中原区井田1-36-3 メディパーク川崎井田2F,35.56502914428711,139.639892578125,インターネット,,
265800,井田交番 庁舎内,神奈川県川崎市中原区井田中ﾉ町20-1,35.56522750854492,139.6431427001953,神奈川県オープンデータ(2018/10/1時点),,
28161,セレサ川崎農業協同組合　子母口支店,川崎市高津区子母口541-1,35.570335388183594,139.6346893310547,インターネット,,
539448,聴覚障害者情報文化センター,川崎市中原区井田三舞町14-16,35.56877225,139.6473417,神奈川県川崎市オープンデータ(2025年5月1日時点),火～日 9時 21時,
274273,ライフ中原井田店,川崎市中原区井田１丁目３３−１６,35.564659118652344,139.6412353515625,ホームページ,,
156475,中島クリニック,川崎市中原区井田中ノ町8-36,35.56609344482422,139.6455078125,インターネット,,
4380,川崎市　西部公園事務所,川崎市高津区子母口565,35.56990051269531,139.63429260253906,インターネット,,
390890,いまにし歯科医院,川崎市中原区井田中ノ町８−８ ゾンネンハイム 元 住吉 1F,35.5653033094421,139.6445052279844,ホームページ,,
80973,川崎信用金庫　子母口支店,川崎市高津区子母口564-1,35.57019805908203,139.6341094970703,インターネット,,
337143,武蔵中原もりのこ保育園,川崎市中原区下小田中3-7-20,35.5743691023547,139.64591150333933,ホームページ,,
139092,いなげや川崎下小田中店,川崎市中原区下小田中2-35-1 ,35.57590103149414,139.6428985595703,現地確認,09:00 ～ 22:00,
541406,セブン-イレブン 川崎下小田中東店,川崎市中原区下小田中３丁目７−１５,35.574307729226625,139.6463563137672,市ホームページ,,
335466,むさし歯科医院,川崎市中原区木月大町1-1,35.57304146906542,139.64770545632177,ホームページ,,
174561,武蔵中原ガーデンハウス,川崎市中原区下小田中4-20-28,35.57534408569336,139.63681030273438,インターネット,,
541404,セブン-イレブン 川崎井田２丁目店,川崎市中原区井田２丁目３５−１０,35.563572417118806,139.64033505946404,ホームページ,,
267580,中原消防署井田出張所 1階受付,神奈川県川崎市中原消防署井田出張所,35.563961029052734,139.64413452148438,神奈川県オープンデータ(2018/10/1時点),,
541401,セブン-イレブン 川崎木月祗園町店,川崎市中原区木月祗園町１−４,35.567322830944384,139.6484639605976,市ホームページ,,
156570,トヨタモビリティ神奈川 中古車タウン中原,川崎市高津区子母口327,35.57087707519531,139.63272094726562,ホームページ,,
392575,武蔵小杉おおぞら保育園,川崎市中原区今井西町11-12,35.57442228373375,139.64736315166968,ステッカーを目視,,
156664,トヨタモビリティ神奈川 中原店,川崎市高津区子母口516,35.57132339477539,139.63278198242188,ホームページ,,
144878,すみのえ幼稚園,川崎市中原区下小田中2-32-20,35.57680892944336,139.64112854003906,インターネット,,
18292,セレサ川崎農業協同組合　住吉支店,川崎市中原区井田中ノ町2-4,35.56541061401367,139.64727783203125,インターネット,,
391980,もえぎの丘,川崎市中原区井田3-14-1,35.56430558962639,139.63622095596884,ステッカーを目視,,
541384,セブン-イレブン 川崎中丸子店,川崎市中原区中丸子４０７−１,35.570496736315405,139.669902383312,市ホームページ,,
265805,中丸子交番 庁舎内,神奈川県川崎市中原区中丸子365-7,35.56903076171875,139.67022705078125,神奈川県オープンデータ(2018/10/1時点),,
275403,アスク向河原保育園,川崎市中原区中丸子364-1 東豊ツカサビル2F・3F,35.5688591003418,139.6703643798828,インターネット,,
441762,亀谷内科クリニック,川崎市中原区中丸子361　,35.56844518290921,139.6704235660131,ホームページ,,
441763,亀谷内科クリニック,川崎市中原区中丸子361　,35.56844518290921,139.6704235660131,ホームページ,,
31305,有料老人ホーム　エスペランサ武蔵小杉,川崎市中原区下沼部1894-2,35.571346282958984,139.66970825195312,インターネット,,
156448,サクラノ幼稚園,川崎市中原区下沼部2033,35.57186508178711,139.67135620117188,インターネット,,
91751,トータルリハーブ 中原店,川崎市中原区中丸子341 白木ハイツ101,35.56816864013672,139.66868591308594,インターネット,,
526032,株式会社ミカセ,川崎市中原区中丸子267番地3,35.56930429488777,139.6673126687354,ストリートビューでステッカーを確認,,
337137,まなびの森保育園　向河原,川崎市中原区中丸子324－1,35.56718493592138,139.6689656117885,ホームページ,,
265806,向河原交番 庁舎内,神奈川県川崎市中原区下沼部1954-1,35.573509216308594,139.66986083984375,神奈川県オープンデータ(2018/10/1時点),,
260938,ＮＥＣ日本電気㈱玉川事業所 くすのき門守衛室,川崎市中原区下沼部１７５３,35.572113037109375,139.666748046875,インターネット,,
156543,ＮＥＣ 玉川クラブ,川崎市中原区下沼部1959,35.57406234741211,139.67034912109375,インターネット,,
390889,アップル歯科クリニック｜,神奈川県川崎市中原区下沼部1747 シティハウス小杉1F,35.57344344359573,139.6679550618426,ホームページ,,
541385,セブン-イレブン 川崎向河原駅前店,川崎市中原区下沼部１７５８,35.57311747243767,139.6673451048677,市ホームページ,,
80915,川崎信用金庫　向河原支店,川崎市中原区下沼部1748-6,35.573421478271484,139.66737365722656,インターネット,,
490027,ニチイキッズ武蔵小杉保育園,神奈川県川崎市中原区中丸子1195-1,35.56945230767428,139.66527710089258,,,
136302,有限会社メロウクラブ,川崎市中原区中丸子579-4　ロイヤル平間1F,35.56515884399414,139.6698455810547,インターネット,,
337123,小杉もりのこ保育園,川崎市中原区市ノ坪386-4,35.567885754048916,139.664837242477,ホームページ,,
174662,中村医院,川崎市中原区下沼部1930,35.575252532958984,139.66903686523438,インターネット,,
423347,ナイスシティイアリーナ武蔵小杉エア衛―コート,神奈川県川崎市中原区中丸子35-13,35.57082995138451,139.66412240278285,インターネット,,
174793,平間ラベンダー歯科,川崎市中原区中丸子571-16 押村ビル1F,35.56437301635742,139.6700897216797,インターネット,,
34300,川崎教職員会館,川崎市中原区下沼部1709-4,35.575111389160156,139.66705322265625,インターネット,,
541496,エニタイムフィットネス武蔵小杉市ノ坪店,川崎市中原区市ノ坪３８６−２,35.5673195582498,139.66434104890786,ホームページ,,
343990,（株）平山ファインテクノ,川崎市中原区中丸子１７４,35.56902998063135,139.66353962468602,インターネット,,
136304,コスモシティ武蔵小杉,川崎市中原区中丸子1246-1,35.5698127746582,139.66339111328125,インターネット,,
156473,新日本スポーツ連盟川崎市連盟,川崎市中原区山王町2-1332 コーポ鈴木BF-1,35.57606887817383,139.66868591308594,インターネット,,
330646,アイン武蔵小杉保育園,川崎市中原区中原区中丸子１２４６−６,35.569469408126906,139.66321819473512,ステッカーを目視,,
541382,セブン-イレブン 川崎中原市ノ坪店,川崎市中原区市ノ坪３８１−１,35.568029911660446,139.66340101749367,市ホームページ,,
391081,しらかし園,川崎市麻生区片平５丁目２４−１,35.59807121560044,139.4921016449698,ステッカーを目視,,
375706,ツクイ川崎麻生,川崎市麻生区片平３丁目５−１１,35.59231789014064,139.49359842283363,ステッカーを目視,,
539649,片平公園,川崎市麻生区片平5丁目27－1,35.59847393,139.4926907,神奈川県川崎市オープンデータ(2025年5月1日時点),- - -,
135724,きむら内科クリニック,川崎市麻生区片平5-24-15　ガーデンテラス五月台1F,35.59879684448242,139.4910888671875,インターネット,,
391080,五月台アローラ歯科,川崎市麻生区片平５丁目２４−１５ガーデンテラス五月台１F,35.59893121610087,139.4912853268248,ホームページ,,
116849,プラウディア五月台Ⅱ,川崎市麻生区五力田2-1-1,35.59855270385742,139.49327087402344,インターネット,,
391077,くぼ歯科医院,川崎市麻生区五力田2-2-1 メイヒルズ1F,35.5994801633291,139.49335019547823,ホームページ,,
541527,セブンイレブン　川崎片平７丁目店,川崎市麻生区片平7-6-6,35.598668156250575,139.48641557641892,市ホームページ,,
489942,スポーツクラブ ルネサンス 五月台24,川崎市麻生区五力田1丁目20-1,35.59956581739684,139.49434824677616,ホームページ,,
541528,あかとんぼ保育園,川崎市麻生区白鳥１丁目１−１,35.59973358409751,139.48764532542796,ストリートビューでステッカーを確認,,
72644,商船三井柿生グランド 玄関,川崎市麻生区片平３－１９－１,35.58945083618164,139.49131774902344,インターネット,,
252006,五月台ルミナス保育園,川崎市麻生区五力田３－１８－３,35.6001091003418,139.494384765625,インターネット,,
135721,川崎田園都市病院,川崎市麻生区片平1782,35.597373962402344,139.4844512939453,インターネット,,
267916,麻生消防署柿生出張所 1階受付,神奈川県川崎市麻生消防署柿生出張所,35.591407775878906,139.49757385253906,神奈川県オープンデータ(2018/10/1時点),,
252005,柿生ルミナス保育園,川崎市麻生区片平２－３０－１,35.59098434448242,139.49722290039062,インターネット,,
174379,横浜銀行　柿生支店,神奈川県川崎市麻生区上麻生５−３９−１,35.59004211425781,139.49671936035156,インターネット,,
265394,神奈川県立麻生総合高等学校 ①体育準備室、②職員室,神奈川県川崎市麻生区片平1778,35.595733642578125,139.482666015625,神奈川県オープンデータ(2018/10/1時点),7:30～19:30,
144963,リーフィアレジデンス麻生片平,川崎市麻生区片平144-1,35.592979431152344,139.49928283691406,インターネット,,
374411,相鉄ローゼン 柿生店,神奈川県川崎市麻生区上麻生５丁目３９−１２,35.590150377635965,139.49760253573112,ステッカーを目視,,
275338,アスク柿生保育園,川崎市麻生区上麻生5-40-4 パームスクウェアー2F・3F,35.5895881652832,139.49708557128906,インターネット,,
392390,平安会館あさお,川崎市麻生区片平1-4-5,35.59705562358948,139.49984286271473,ホームページ,,
16299,ＪＡセレサ　川崎柿生支店,川崎市麻生区上麻生5-6-1,35.590614318847656,139.49850463867188,インターネット,,
449854,ハックドラッグ川崎柿生店,川崎市麻生区上麻生5-41-1,35.58901798657331,139.49662617805896,ホームページ,,
352718,カーブス 柿生駅前,川崎市麻生区上麻生5-38-7　東和サープラス柿生2F,35.59042969553911,139.49841009308597,ホームページ,,
496253,マルエツ 柿生店,川崎市麻生区上麻生5-41-,35.58894611163694,139.49655820950417,ホームページ,,
49109,柿生内科クリニック,川崎市麻生区上麻生５－３８ －１０　２F,35.59034729003906,139.49855041503906,インターネット,,
265836,柿生交番 庁舎内,神奈川県川崎市麻生区上麻生5-6-5,35.5904426574707,139.49876403808594,神奈川県オープンデータ(2018/10/1時点),,
118634,柿生駅前ファミリー歯科,川崎市麻生区上麻生5-43-5,35.58951950073242,139.49819946289062,ステッカーを目視　/　ホームページ,,
49110,川崎信用金庫柿生支店,川崎市麻生区上麻生５－４３ －１８,35.58889389038086,139.49755859375,インターネット,,
72639,白鳥保育園  １Ｆ入口,川崎市麻生区白鳥１－１７－２,35.60308074951172,139.48851013183594,インターネット,,
541530,セブン-イレブン 川崎片平1丁目店,川崎市麻生区片平１丁目７−１０,35.59922870104094,139.5001717915182,市ホームページ,,
250793,田園調布学園大学 　部室棟 1 階,川崎市麻生区東百合丘３－４ －１,35.59528350830078,139.5247344970703,インターネット,,
250791,田園調布学園大学 　2 号館１階事務室前,川崎市麻生区東百合丘３－４ －１,35.59512710571289,139.52516174316406,インターネット,,
135720,山百合自治会館,川崎市麻生区東百合丘4-36-6 キャッスル百合ヶ丘2F,35.59871292114258,139.52032470703125,インターネット,,
250792,田園調布学園大学 　体育館エン トランスホール,川崎市麻生区東百合丘３－４ －１,35.59528350830078,139.5264434814453,インターネット,,
31296,ＦＩＳＨ・ＯＮ！王禅寺　（１Ｆ事務室）,川崎市麻生区王禅寺1227-2,35.590675354003906,139.52296447753906,インターネット,,
265837,王禅寺交番 庁舎内,神奈川県川崎市麻生区王禅寺西1-46-7,35.597434997558594,139.51565551757812,神奈川県オープンデータ(2018/10/1時点),,
223752,いなげや＆しまむら,神奈川県川崎市麻生区東百合丘3-5-5,35.59356689453125,139.52723693847656,実物を目視,9:00~22:00,
267901,麻生消防署王禅寺出張所 1階受付,神奈川県川崎市麻生消防署王禅寺出張所,35.592472076416016,139.51475524902344,神奈川県オープンデータ(2018/10/1時点),,
343974,加圧トレーニングスタジオ クレール,川崎市麻生区東百合丘3-13-3 ルクレール108,35.59710262657956,139.52913100648863,インターネット,,
127645,ジョイリハ アスリエ潮見美しが丘,川崎市宮前区潮見台8-1 潮見台伊東ビル1F,35.59319305419922,139.5292510986328,インターネット,,
334555,グループホーム・ひかり川崎麻生,川崎市麻生区東百合丘１丁目１４−８,35.6012035560553,139.52624572798788,ステッカーを目視,,
116715,日本映画大学 白山校舎,川崎市麻生区白山2-1-1,35.591636657714844,139.512451171875,インターネット,,
15504,新ゆり内科,川崎市麻生区王禅寺西4-3-8,35.595272064208984,139.51150512695312,インターネット,,
174346,横浜銀行　王禅寺中央出張所,神奈川県川崎市麻生区王禅寺東３−２６−３,35.588233947753906,139.5155487060547,インターネット,,
174431,百合丘勧交会,川崎市麻生区王禅寺西4-1-2,35.59616470336914,139.51080322265625,インターネット,,
29057,百合ヶ丘カントリー倶楽部株式会社,川崎市麻生区王禅寺西4-15-1,35.59415817260742,139.5104522705078,インターネット,,
189401,平和会 ペットメモリアル,川崎市麻生区王禅寺1183,35.587650299072266,139.52674865722656,インターネット,,
265839,南王禅寺交番 庁舎内,神奈川県川崎市麻生区王禅寺東3-26-8,35.587547302246094,139.51535034179688,神奈川県オープンデータ(2018/10/1時点),,
343975,ベストライフ百合ヶ丘,川崎市多摩区長沢４丁目４１−１９,35.59788579036492,139.5317697568539,ステッカーを目視,,
49116,たま日吉台病院 正面入口,川崎市麻生区王禅寺１１０５,35.58662033081055,139.5261688232422,インターネット,,
476903,介護予防デイサービス はなまる元気塾,川崎市麻生区東百合丘2-32-7-101	アトランティス百合丘,35.598466818580086,139.53184138258075,ストリートビューでステッカーを確認,,
33111,ジャパンケア南生田・小規模多機能型ステーション,川崎市多摩区南生田2-30-3,35.60337448120117,139.5264434814453,インターネット,,
457933,西友新ゆりグリーンタウン店,川崎市麻生区白山4-1-3,35.59131445816425,139.51021310259586,ホームページ,,
57484,のぞみ薬局　王禅寺店,神奈川県川崎市麻生区王禅寺市西5-1-30,35.59510040283203,139.5092010498047,入り口に「AED設置」のステッカー,,
240052,フィットケアデポ長沢店,川崎市多摩区長沢４−３８−２,35.598384857177734,139.53216552734375,インターネット,,
156318,ドミトリー百合ケ丘,川崎市麻生区百合丘2-7-7,35.60398864746094,139.5160369873047,インターネット,,
156139,須田メディカルクリニック,川崎市多摩区南生田4-20-2,35.59899139404297,139.53253173828125,インターネット,,
28478,王禅寺歯科クリニック,川崎市麻生区上麻生4-15-1 山口台ビル4Ｆ,35.594825744628906,139.5080108642578,インターネット,,
343976,百合丘めぐみ幼稚園,川崎市麻生区百合丘１丁目１２,35.605326871320045,139.5172199123848,ステッカーを目視,,
541212,セブンイレブン川崎菅生2丁目店,〒216-0015 神奈川県川崎市宮前区菅生２丁目４−９,35.597048660520606,139.55036578142227,,24時間年中無休,044-977-7773
252000,向ヶ丘自動車学校,川崎市宮前区菅生４－６－１,35.59230041503906,139.55252075195312,インターネット,,
265818,蔵敷交番 庁舎内,神奈川県川崎市宮前区菅生4-1-2,35.59565353393555,139.5549774169922,神奈川県オープンデータ(2018/10/1時点),,
251999,（株）ベジテック,川崎市宮前区水沢１－１－１　,35.59148025512695,139.5511474609375,インターネット,,
144916,森建設株式会社,川崎市宮前区菅生3-35-23,35.594295501708984,139.5467529296875,インターネット,,
541473,セブンイレブン　川崎菅生５丁目店,川崎市宮前区菅生5-5-2,35.59396179355535,139.5551366159855,市ホームページ,,
72656,JAセレサ川崎菅生支店  １階事務室,川崎市宮前区菅生１－２－２２,35.59598159790039,139.55548095703125,インターネット,,
174522,川崎市中央卸売市場 北部市場 北門守衛室,川崎市宮前区1-1-1,35.59123229980469,139.55010986328125,インターネット,,
174378,横浜銀行　川崎北部市場支店,神奈川県川崎市宮前区水沢１−１−１,35.591190338134766,139.54954528808594,インターネット,,
14182,杉本電機産業株式会社多摩営業所,川崎市宮前区水沢3-1-19,35.592933654785156,139.54652404785156,インターネット,,
189079,カーサ宮前平,川崎市宮前区菅生5-23-35,35.591880798339844,139.55459594726562,インターネット,,
267973,北部市場 北門守衛室,神奈川県川崎市北部市場,35.591148376464844,139.5481719970703,神奈川県オープンデータ(2018/10/1時点),,
514709,サンドラッグ 川崎宮前店,神奈川県川崎市宮前区犬蔵３丁目９−１２,35.590797701132615,139.55378848650474,ホームページ,,
352673,カーブス マルエツ川崎宮前,川崎市宮前区犬蔵3-9-12 マルエツ1階,35.590635148724715,139.55380586516148,ホームページ,,
352674,カーブス マルエツ川崎宮前,川崎市宮前区犬蔵3-9-12 マルエツ1階,35.590635148724715,139.55380586516148,ホームページ,,
267980,宮前消防署菅生出張所 1階受付,神奈川県川崎市宮前消防署菅生出張所,35.596343994140625,139.54515075683594,神奈川県オープンデータ(2018/10/1時点),,
144925,丸亀製麺 川崎宮前店,川崎市宮前区水沢3-3-6,35.59307861328125,139.5452117919922,インターネット,,
541211,セブンイレブン川崎菅生1丁目店,〒216-0015 神奈川県川崎市宮前区菅生１丁目８−２５,35.599022974130975,139.5548244736003,,24時間年中無休,044-976-8671
395847,ロピア川崎水沢店,神奈川県川崎市宮前区水沢2-3-8,35.59237822099946,139.54487597399824,,,
541474,セブン-イレブン 川崎犬蔵3丁目店,川崎市宮前区犬蔵３丁目８−７,35.59020878659787,139.55520583203216,市ホームページ,,
72657,聖マリアンナ医科大学病院,川崎市宮前区菅生２－１６－１,35.60063934326172,139.54884338378906,インターネット,,
72653,障害者支援施設みずさわ  １階事務室,川崎市宮前区水沢３－６－５０,35.59488296508789,139.54238891601562,インターネット,,
49247,プレイスポットドラゴ ン １階入口,川崎市宮前区犬蔵３－７－１,35.58941650390625,139.55648803710938,インターネット,,
553938,FitCareDEPOT 菅生店,川崎市宮前区菅生５丁目１−２２,35.596078107921834,139.55983368122054,ストリートビューでステッカーを確認,,
331549,ウエインズトヨタ神奈川 宮前水沢店,川崎市宮前区水沢２丁目１１−２,35.59316016514483,139.54187488910407,ホームページ,,
144917,グランシティたまプラーザⅠ,川崎市宮前区犬蔵3-12-5,35.58811569213867,139.5550994873047,インターネット,,
189681,アシステッドリビング宮前,川崎市宮前区水沢2-8-60,35.59233474731445,139.54209899902344,インターネット,,
219986,Ｈｏｎｄａ　Ｃａｒｓ　神奈川東　美しが丘店,神奈川県川崎市宮前区水沢３−１１−１,35.59370422363281,139.54151916503906,インターネット,,
423276,レクサス東名川崎,川崎市宮前区水沢２丁目１１−２,35.59320531517658,139.541597089155,ストリートビューでAEDを確認,,
553937,Fit Care DEPOT 菅生2丁目店,川崎市宮前区菅生２丁目２３−２７,35.6032268549713,139.55219881446106,ストリートビューでステッカーを確認,,
541514,セブン-イレブン 川崎長沢２丁目店,川崎市多摩区長沢２丁目１−４,35.602768267626224,139.54630602640546,市ホームページ,,
116693,向ヶ丘整形外科,川崎市宮前区犬蔵1-23-7,35.588993072509766,139.5587615966797,インターネット,,
262073,ゆりかご幼稚園,川崎市宮前区犬蔵１－１９－１６,35.59139633178711,139.56112670898438,インターネット,,
265390,神奈川県立生田高等学校 事務室,神奈川県川崎市多摩区長沢3-17-1,35.59889221191406,139.54087829589844,神奈川県オープンデータ(2018/10/1時点),平日7：00-19：30　土日祝日8：00-19：00 (通年休業日)12/29-1/3,
222630,ディホームゆりの木宮前 １階建物内,川崎市宮前区犬蔵１－１６－ １０,35.58880615234375,139.55975341796875,インターネット,,
222629,ウエインズトヨタ神奈川 東名川崎店,川崎市宮前区犬蔵3-1-12,35.58846664428711,139.55984497070312,ホームページ,,
401760,南菅生自治会館,川崎市宮前区菅生６丁目３−１５,35.592923652747736,139.56300880934177,ステッカーを目視,,
189580,之久会道場,川崎市宮前区神木本町5-13-28,35.59806442260742,139.5799102783203,インターネット,,
189579,之久会道場,川崎市宮前区神木本町5-13-28,35.59806442260742,139.5799102783203,インターネット,,
144914,宮前平グリーンハイツ管理組合,川崎市宮前区けやき平1-16-110,35.593910217285156,139.57681274414062,インターネット,,
348084,愛の家グループホーム 宮前宮崎,神奈川県川崎市宮前区宮崎4-1-5,35.59350176896619,139.58545098235817,ホームページ,,
541478,セブン-イレブン 川崎宮前店,川崎市宮前区宮崎６丁目８−６,35.59055468354232,139.5813589876227,市ホームページ,,
72658,川崎信用金庫宮前平支店,川崎市宮前区宮前平２－２０－６,35.589813232421875,139.5802459716797,インターネット,,
391016,ガーデン歯科クリニック,川崎市宮前区平1-1-4　平橋クリニックガーデン2階,35.600070368594274,139.57813145226396,ホームページ,,
39843,おおたけファミリークリニック,川崎市宮前区平1-1-4平橋クリニックガーデン2F,35.60015106201172,139.57818603515625,ホームページ,,
144922,ファームランドながお,川崎市宮前区神木本町3-1-19,35.60062026977539,139.58340454101562,インターネット,,
10422,JAセレサ川崎向丘支店,川崎市宮前区平1-1-24,35.59961700439453,139.57618713378906,インターネット,,
156374,ドーミー宮崎台,川崎市宮前区宮崎667-1,35.59560012817383,139.58843994140625,インターネット,,
391013,阿部歯科医院,川崎市宮前区神木本町2-1-32,35.60107080000002,139.58238607216472,ホームページ,,
136961,健栄会 宮前平第2クリニック,川崎市宮前区宮前平2-5-16 ネバーランド3階,35.58903884887695,139.58343505859375,インターネット,,
337142,宮前平もりのこ保育園,川崎市宮前区宮前平2-5-16　ネバーランド2F,35.58905193610504,139.5834831077467,ホームページ,,
265816,宮前警察署 1階行政事務室,神奈川県川崎市宮前区宮前平2-19-11,35.588645935058594,139.5790252685547,神奈川県オープンデータ(2018/10/1時点),,
116717,東泉寺,川崎市宮前区平1-7-28,35.601165771484375,139.5780792236328,インターネット,,
265819,神木交番 庁舎内,神奈川県川崎市宮前区神木本町2-3-8,35.6013298034668,139.58335876464844,神奈川県オープンデータ(2018/10/1時点),,
49261,小林外科胃腸科　第一診察室,川崎市宮前区神木本町２－２ －１７,35.60158157348633,139.58253479003906,インターネット,,
223538,東京料金所,川崎市宮前区南平台1-1,35.59500503540039,139.57266235351562,インターネット,,
267986,宮前消防署向丘出張所 1階受付,神奈川県川崎市宮前消防署向丘出張所,35.5994873046875,139.57461547851562,神奈川県オープンデータ(2018/10/1時点),,
275414,川崎市宮前平保育園,川崎市宮前区宮前平2-11-6,35.5881233215332,139.58140563964844,インターネット,,
541479,セブン-イレブン 川崎宮崎北店,川崎市宮前区宮崎６６２−５,35.59485673128849,139.5895550861433,市ホームページ,,
72659,いなげや川崎土橋店,川崎市宮前区土橋１－２１－９,35.58879089355469,139.5769500732422,ホームページ,,
425889,長尾けやきの里,川崎市宮前区神木本町２－１５－６,35.60201693156468,139.58314417131305,ストリートビューでステッカーを確認,,
49244,鷺沼スイミングクラブ 宮前平 	プール内,川崎市宮前区土橋７－２２－ １,35.58890914916992,139.5760040283203,インターネット,,
136856,ベストライフ宮前,川崎市宮前区土橋1-8-4,35.587955474853516,139.5784912109375,インターネット,,
116699,パル調剤薬局,川崎市宮前区平2-11-3,35.59962463378906,139.573974609375,インターネット,,
541485,セブン-イレブン 川崎神木本町２丁目店,川崎市宮前区神木本町２丁目１２−１７,35.601472989055836,139.5860190552326,市ホームページ,,
409494,てりは保育園みやまえ,川崎市宮前区神木本町２丁目１１−５,35.601435227806135,139.5865414450769,ステッカーを目視,,
384224,グリーンフォレスト神木保育園,川崎市宮前区神木本町２－５－５,35.601217560917256,139.5870304117885,ステッカーを目視,,
189090,ハイネス溝の口管理組合,川崎市高津区久本1-17-1,35.595420837402344,139.61154174804688,インターネット,,
391976,高齢者福祉施設すえなが,川崎市高津区末長１丁目３−１３,35.595485278304395,139.60905524589515,ステッカーを目視,,
174182,フィオーレの森 リラ館１階,川崎市高津区久本1-16-20,35.596046447753906,139.6125946044922,インターネット,,
210050,洗足学園中学高等学校,川崎市高津区久本2-3-1,35.59580612182617,139.6138153076172,インターネット,,
390966,溝の口おくだ歯科クリニック,川崎市高津区久本1-7-12,35.59702230302875,139.61285017583484,ホームページ,,
156345,ドーミー溝の口,川崎市高津区下作延2-21-17,35.59749984741211,139.60902404785156,インターネット,,
85250,高津年金事務所,川崎市高津区久本1-3-2,35.59799575805664,139.60968017578125,インターネット,,
335959,ファストジム２４ 　溝の口店,川崎市高津区久本3-3-3 ザ・３４４ビル１階,35.597011464383336,139.61419242554086,実物を目視,,
329393,かわべ歯科キッズプラス,川崎市高津区久本３−２−１８　エムビルコーポ２０１,35.59748505346757,139.61365458687987,インターネット,,
76556,極真会館川崎溝口支部,川崎市高津区久本3-2-18　エムビル1階2号室,35.597572326660156,139.61363220214844,インターネット,,
259147,ナイス住まいの情報館 住まいるCafe溝の口,川崎市高津区久本３丁目３−２ 第 一 生命 ビルディング １ 階,35.597320556640625,139.61399841308594,インターネット,,
329394,綜合警備保障株式会社 　溝ノ口支店,川崎市高津区久本3-2-18,35.59760910539047,139.61367129902953,ステッカーを目視,,
541454,セブン-イレブン 川崎溝の口駅南口店,川崎市高津区溝口１丁目１−３０,35.59854806710366,139.61123054874284,市ホームページ,,
390971,プライム歯科梶が谷,川崎市高津区末長１丁目９−１ スタイリオ梶が谷ＭＡＬＬ 6階,35.5940166930022,139.60637128668688,インターネット,,
76544,共済ショップ溝の口,川崎市高津区久本3-2-1 ウェルタワー2F,35.59823989868164,139.6138153076172,インターネット,,
348747,ＪＲ武蔵溝ノ口駅,川崎市高津区溝口1-1-1,35.599043391653765,139.61109462887129,2020年9月確認。,,
337131,まなびの森保育園　梶が谷,川崎市高津区末長1-9-1 スタイリオ梶が谷3階,35.5937575668071,139.60624688810321,ホームページ,,
274636,みぞのくち献血ルーム,川崎市高津区溝ノ口1-3-1  NOCTY1-10階,35.59900665283203,139.61203002929688,インターネット,,
85256,街角の年金相談センター 溝ノ口,川崎市高津区溝口1-3-1 ノクティプラザ1 10階,35.59902572631836,139.6119842529297,インターネット,,
80972,川崎信用金庫　梶ヶ谷支店,川崎市高津区末長172,35.59337615966797,139.60633850097656,インターネット,,
348750,ＳＭＢＣ日興証券　溝ノ口支店,川崎市高津区久本３－２－３　　　　　　　　　　ヴェルビュ溝の口８階,35.59829941068586,139.61423207231297,,月～金9:00～15:30,
72604,安藤整形外科病院,川崎市高津区溝口１－５－２,35.598777770996094,139.61337280273438,インターネット,,
541452,セブン-イレブン 溝の口店,川崎市高津区久本１丁目２−５,35.59894081813149,139.60908042536593,市ホームページ,,
11407,ＪＡセレサ川崎  高津支店,川崎市高津区溝口1-6-7,35.5986328125,139.61383056640625,2020年9月確認。,,
13002,メイフェアパークス溝の口　管理組合,川崎市高津区久本2-4-10,35.593170166015625,139.6158905029297,インターネット,,
76536,ホテルメッツ溝ノ口,川崎市高津区溝口,35.59938430786133,139.61044311523438,インターネット,,
261963,エンゼルデュオテラス溝の口,川崎市高津区久本３－４－７,35.59732437133789,139.61566162109375,インターネット,,
341899,ホームステーション　らいふ溝口,川崎市高津区久本３丁目２−５,35.598374270158686,139.614570378092,ステッカーを目視,,
390968,アルバ歯科 溝の口,川崎市高津区溝口1-4-1 マルイファミリー溝口9F,35.599182152430316,139.6129508754779,ホームページ,,
372856,みずほ不動産販売株式会社	溝ノ口センター,川崎市高津区久本３−２−６,35.59839363571248,139.61470430897006,ステッカーを目視,,
176052,梶が谷東急ストア,神奈川県川崎市高津区末長1-48-5,35.59343719482422,139.60574340820312,インターネット,,
265809,溝口駅前交番 庁舎内,神奈川県川崎市高津区溝口1-2-2,35.59954071044922,139.61166381835938,神奈川県オープンデータ(2018/10/1時点),,
211030,薬 マツモトキヨシ 武蔵溝ノ口北口駅前店,神奈川県川崎市高津区溝口1-1-6,35.59956359863281,139.61065673828125,2014年5月より順次設置の会社発表あり。,,
519725,梶が谷駅,川崎市高津区末長1-48-6,35.59374602517369,139.6055386231427,ホームページ,,
76546,株式会社エヌアセット,川崎市高津区久本1-1-3,35.59941864013672,139.60935974121094,インターネット,,
76533,高津合同庁舎,川崎市高津区溝口1-6-12,35.5987548828125,139.61453247070312,インターネット,,
378917,三井のリハウス　溝の口センター,神奈川県川崎市高津区溝口１－８－４ＫＭビル　３Ｆ,35.59956900866762,139.61264556061928,ホームページ,,
12837,川崎第一ホテル　溝ノ口店,川崎市高津区溝口2-3-12,35.599700927734375,139.6095733642578,インターネット,,
391979,介護老人福祉施設みやうち,川崎市中原区宮内１丁目２５−１,35.59478651540463,139.64140618546864,ステッカーを目視,,
437203,キヤノン株式会社　玉川事業所　（1Fエントランス）,川崎市高津区下野毛3-16-1,35.59647077487549,139.64056679819652,インターネット,,
189025,旭器機サービス㈱玉川第二倉庫,川崎市中原区宮内1-20-36,35.592830657958984,139.6405792236328,インターネット,,
39820,にかもと歯科医院,川崎市中原区宮内1-8-3　ハウズクリニックビル4Ｆ,35.593658447265625,139.6435089111328,インターネット,,
541431,セブン-イレブン 川崎下野毛３丁目店,川崎市高津区下野毛３丁目４−３,35.59451557857248,139.6379949497057,市ホームページ,,
156135,上代工業株式会社,川崎市高津区下野毛1-11-23,35.59666442871094,139.63861083984375,インターネット,,
541417,セブン-イレブン 川崎西下橋店,川崎市中原区宮内１丁目２２−２,35.59197460842578,139.63867244337882,市ホームページ,,
209979,株式会社　旺電舎　下野毛工場,川崎市高津区下野毛2-11-31,35.595619201660156,139.63650512695312,インターネット,,
541416,セブン-イレブン 川崎宮内１丁目店,川崎市中原区宮内１丁目１−１１,35.59171287301338,139.64352197023186,市ホームページ,,
189071,宮松エスオーシー川崎工場,川崎市中原区宮内1-22-7,35.59201431274414,139.6377410888672,インターネット,,
384725,しらゆり宮内保育園,川崎市中原区宮内１丁目４−５５,35.59355084324606,139.64581640906312,ステッカーを目視,,
76527,日本通運株式会社 川崎北物流センター事業所,川崎市高津区下野毛2-14-1,35.5936279296875,139.63609313964844,インターネット,,
261818,東建多摩川マンション,川崎市高津区下野毛1-7-20,35.598731994628906,139.6375274658203,インターネット,,
80916,川崎信用金庫　宮内支店,川崎市中原区宮内2-25-10,35.59193801879883,139.63613891601562,インターネット,,
514707,サンドラッグ 川崎宮内店,川崎市中原区宮内２丁目２５−１７,35.59217781630443,139.63564078465876,ホームページ,,
265797,宮内交番 庁舎内,神奈川県川崎市中原区宮内2-10-11,35.58988571166992,139.6394805908203,神奈川県オープンデータ(2018/10/1時点),,
136426,クノールサービス（株）,川崎市高津区下野毛2-2-19,35.59694290161133,139.63487243652344,インターネット,,
136420,ハートフル川崎病院  2F/ 5F,川崎市高津区下野毛2丁目1-3,35.59675216674805,139.634521484375,インターネット,,
91759,平安会館みやうち,川崎市中原区宮内2-11-8,35.58939743041992,139.63941955566406,インターネット,,
156673,ハートフル川崎病院 西棟,川崎市高津区下野毛2丁目1-3,35.5965690612793,139.6341094970703,インターネット,,
91739,たのしい家 川崎中原,川崎市中原区上小田中1-6-5,35.59280776977539,139.63400268554688,インターネット ,,
91745,イニシア武蔵中原,川崎市中原区上小田中2-5-1,35.588993072509766,139.6380615234375,インターネット,,
541432,セブン-イレブン 川崎大ヶ谷戸店,川崎市中原区上小田中１丁目２−１６,35.59041508895295,139.63446698201227,市ホームページ,,
76550,小暮歯科医院,川崎市高津区北見方3-7-1,35.5967903137207,139.63232421875,インターネット,,
136301,武蔵小杉マンション管理組合,川崎市中原区宮内2-2-1,35.5876579284668,139.64170837402344,インターネット,,
156763,新極真会 東京城南支部,川崎市中原区宮内2-2-5 1F,35.587581634521484,139.64178466796875,インターネット,,
274270,ライフ宮内二丁目店,川崎市中原区宮内２丁目１−１,35.58728790283203,139.64108276367188,ホームページ,,
407336,エニタイムフィットネス　武蔵中原店,川崎市中原区宮内2-1-7 大和園ビル 2F,35.58712285314287,139.64167368013403,ホームページ,,
384876,花物語なかはら西,川崎市中原区上小田中2-40-2,35.588792689998854,139.63480752713278,ステッカーを目視,,
189118,イニシア武蔵中原レジデンス,川崎市中原区上小田中6丁目23番22,35.5869255065918,139.6387176513672,インターネット,,
239817,しらゆり中原保育園,川崎市中原区上小田中6丁目51-7,35.58671188354492,139.64088439941406,インターネット,,
72606,玉川料金所,川崎市高津区北見方2-36-1,35.60042190551758,139.63316345214844,インターネット,,
29054,ボンセジュールはるひ野,川崎市麻生区はるひ野4-19-1,35.62052917480469,139.46170043945312,インターネット,,
280543,バディスポーツ幼児園はるひ野,川崎市麻生区はるひ野４丁目３−３−２,35.61839294433594,139.46336364746094,ステッカーを目視,,
541525,セブン-イレブン 川崎はるひ野店,川崎市麻生区はるひ野５丁目１−３,35.61927109259919,139.46713156620993,市ホームページ,,
446030,はるひ野保育園,川崎市麻生区はるひ野２丁目７−１,35.61607957860345,139.46702642298268,インターネット,,
45419,セレサモス 事務所内,川崎市麻生区黒川172,35.6126594543457,139.46646118164062,インターネット,,
407338,エニタイムフィットネス 若葉台店,川崎市麻生区黒川６０３−１,35.618387913527826,139.471961606895,ホームページ,,
539182,若葉台駅,神奈川県川崎市麻生区黒川609,35.619278,139.4725,東京都稲城市オープンデータ(2025年1月20日時点),月火水木金土日 04:52:00 00:11:00,(044)988-7873
41574,介護老人保健施設　アクアピア新百合　（受付１Ｆエントランス）,川崎市麻生区黒川318番地,35.61234664916992,139.4689483642578,インターネット,,
265395,"神奈川県立麻生高等学校 ①職員玄関
②体育館入口",神奈川県川崎市麻生区金程3-4-1,35.611934661865234,139.4978485107422,神奈川県オープンデータ(2018/10/1時点),7:00～19:30 (通年休業日)土・日・祝日,
116995,㈱しんゆり 千代ヶ丘事業所,川崎市麻生区千代ヶ丘8-5-2,35.61750411987305,139.50538635253906,インターネット,,
16939,セレサ川崎農業協同組合　千代ヶ丘支店,川崎市麻生区千代ヶ丘8-2-1,35.61787796020508,139.5063934326172,インターネット,,
49102,ニチイホーム新百合ヶ丘,川崎市麻生区千代ヶ丘８－１－６,35.61796569824219,139.50665283203125,インターネット,,
15281,よみうりランド花ハウス,川崎市多摩区菅仙石4-1-4,35.62178421020508,139.5198516845703,インターネット,,
95652,生田スタジオ１階防災センター,川崎市多摩区菅仙谷3-20-1,35.62202835083008,139.5260467529297,インターネット,,
72641,よみうりランド遊園地  事務所,川崎市多摩区菅仙谷４－１－１,35.62397003173828,139.5175323486328,インターネット,,
410891,日本女子大学附属中学校・高等学校　体育館,川崎市多摩区西生田1－1－1,35.61969869163093,139.52775425107484,ホームページ,,
265840,細山交番 庁舎内,神奈川県川崎市麻生区細山2-8-12,35.61621856689453,139.51600646972656,神奈川県オープンデータ(2018/10/1時点),,
391061,ながやま歯科,川崎市多摩区 菅仙谷4-1-5 よみうりランドクリニックモール１Ｆ,35.62438579374967,139.5164801375835,ホームページ,,
344221,よみうりランドクリニックモール,川崎市多摩区菅仙谷４－１－５,35.62443375904726,139.51638898235814,インターネット,,
61964,カフェ・ド・シュロ,川崎市多摩区西生田1-20-1,35.61568832397461,139.5261688232422,入口のAEDステッカーを目視,,
410889,日本女子大学　西生田キャンパス　九十年館A棟１階管理事務室前,川崎市多摩区西生田1－1－1,35.62118421102843,139.52830272566774,ホームページ,,
265393,"神奈川県立菅高等学校 ①職員玄関
②体育館",神奈川県川崎市多摩区菅馬場4-2-1,35.62272262573242,139.52838134765625,神奈川県オープンデータ(2018/10/1時点),"①②
7:30～19:30 (通年休業日)①②とも
土・日・祝日",
410890,日本女子大学附属中学校・高等学校　用務員室前,川崎市多摩区西生田1－1－1,35.619038121337184,139.5291048093226,ホームページ,,
156329,ドーミー読売ランド前,川崎市麻生区高石4-18-17,35.613059997558594,139.5231170654297,インターネット,,
135718,第二百合ヶ丘ハイツ,川崎市麻生区高石2-35-4,35.61435317993164,139.5155029296875,インターネット,,
261957,のぐち歯科,川崎市麻生区細山２－１２－４,35.614959716796875,139.51425170898438,インターネット,,
49129,川崎信用金庫　読売ラ ンド駅前支店ロビー,川崎市多摩区西生田３－９－ ２６,35.6143798828125,139.5279998779297,インターネット,,
175264,横浜銀行　読売ランド駅前支店,神奈川県川崎市多摩区西生田３−９−２９,35.614418029785156,139.52867126464844,インターネット,,
392827,マジオたんぽぽ保育園 百合ケ丘ルーム,川崎市麻生区高石3-9-1,35.61158563378583,139.51997437620653,ステッカーを目視,,
541524,セブン-イレブン 川崎西生田店,川崎市多摩区西生田３丁目１１−１３,35.613177709316766,139.5273927292119,市ホームページ,,
265830,読売ランド駅前交番 庁舎内,神奈川県川崎市多摩区西生田2-13-12,35.61484909057617,139.52957153320312,神奈川県オープンデータ(2018/10/1時点),,
265833,菅星ヶ丘交番 庁舎内,神奈川県川崎市多摩区菅北浦4-12-1,35.624267578125,139.5308074951172,神奈川県オープンデータ(2018/10/1時点),,
28482,ＳＯＬ星が丘　別館　（２Ｆスタッフルーム）,川崎市多摩区菅馬場3-24-1,35.623497009277344,139.53135681152344,インターネット,,
344598,小学館アカデミー　西いくた保育園,川崎市多摩区西生田３－１３－７,35.61219860806741,139.52705912246188,インターネット,,
331121,セントケアホームゆりがおか,川崎市麻生区高石2-20-15,35.61305429175082,139.51308389020892,,,
391062,第二厚生館愛児園,川崎市多摩区寺尾台１丁目１−１９,35.6178583216782,139.53249541443478,ステッカーを目視,,
210341,コンフォール,川崎市多摩区菅仙谷２−９−１,35.62766647338867,139.52821350097656,インターネット,,
541535,川崎市 百合丘歯科保健センター,川崎市麻生区高石４丁目１５−５,35.61038714858488,139.51982098171646,ストリートビューでステッカーを確認,,
541534,セブン-イレブン 川崎百合丘店,川崎市麻生区百合丘１丁目２４−１１,35.6104531461353,139.51907342207008,市ホームページ,,
28483,ＳＯＬ星が丘　本館　（２Ｆスタッフルーム）,川崎市多摩区菅馬場3-22-1,35.624664306640625,139.53195190429688,インターネット,,
72837,（社福）読売光と愛の事業団	花ハウスすみれ館,川崎市多摩区菅馬場3-21-1,35.623939514160156,139.5325164794922,インターネット,,
391064,平安会館たま,川崎市多摩区枡形１丁目１３−１,35.620215005487836,139.55250982468598,インターネット,,
189152,㈱電元社製作所 本社工場,川崎市多摩区枡形1-23-1,35.620155334472656,139.54827880859375,インターネット,,
378975,登戸ピノキオ保育園,川崎市多摩区生田２丁目２０−２３,35.62220001552693,139.55186034455198,インターネット,,
541507,セブン-イレブン 川崎枡形２丁目店,川崎市多摩区枡形２丁目１８−５,35.619454244385786,139.5548927513225,市ホームページ,,
265392,"神奈川県立生田東高等学校 ①職員玄関
②体育科準備室",神奈川県川崎市多摩区生田4-32-1,35.61872863769531,139.54656982421875,神奈川県オープンデータ(2018/10/1時点),"8:30～17:00 (通年休業日)土曜日
日曜日
祝日",
61669,明治大学　生田キャンパス　登校路守衛所,川崎市多摩区東三田1-1-1,35.61524200439453,139.5484161376953,ホームページ,,
186780,リハビリデイサービス nagomi向ヶ丘店,川崎市多摩区枡形4-1-13,35.616722106933594,139.5560760498047,インターネット,,
49127,PUMP2 川崎店,川崎市多摩区中野島２－９－ ３０,35.62525177001953,139.5496368408203,インターネット,,
275404,アスク向ヶ丘遊園北保育園,神奈川県川崎市多摩区登戸514-1,35.62077713012695,139.55763244628906,インターネット,,
423303,明治大学　生田キャンパス　地域産学連携研究センター1階　エスカレーター横,川崎市多摩区東三田1-1-1,35.61511558107352,139.54799896921236,ホームページ,,
72840,みんなの家 川崎中野島,川崎市多摩区中野島2-1-31,35.62550735473633,139.5518341064453,インターネット,,
254671,明治大学　生田キャンパス　第2校舎D館（1F）　エントランスホール,川崎市多摩区東三田1-1-1,35.61448287963867,139.54965209960938,ホームページ,,
423300,明治大学　生田キャンパス　第二校舎５号館２階 正面入口,川崎市多摩区東三田1-1-1,35.6145189458704,139.548895915498,ホームページ,,
509744,いなげや川崎中野島店,神奈川県川崎市多摩区生田2-1-1,35.62388756299963,139.54578906297684,,9:00〜21:30,044-932-1681
282238,グループホームみんなの家・川崎多摩登戸,川崎市多摩区登戸302,35.624794006347656,139.5551300048828,ステッカーを目視,,
265829,生田交番 庁舎内,神奈川県川崎市多摩区生田8-7-3,35.61639404296875,139.54530334472656,神奈川県オープンデータ(2018/10/1時点),,
423299,明治大学　生田キャンパス　  第二校舎４号館１階 トイレ前,川崎市多摩区東三田1-1-1,35.61414841182424,139.54969017843837,ホームページ,,
72636,長念寺,川崎市多摩区登戸1416,35.622779846191406,139.55747985839844,インターネット,,
558329,専修大学　生田キャンパス　第３体育寮１階入口,川崎市多摩区東三田2-1-1,35.61536509669114,139.55593494131446,大学ホームページ,,
240054,フィットケアデポ登戸店,川崎市多摩区登戸５４３−１,35.62565612792969,139.55404663085938,インターネット,,
61671,明治大学　生田キャンパス　体育館,川崎市多摩区東三田1-1-1,35.61381149291992,139.55067443847656,ホームページ,,
372385,神奈川ダイハツ　多摩店,川崎市多摩区生田１－１１－８,35.62416461978064,139.54526281853444,ステッカーを目視,,
275335,アスク生田保育園,川崎市多摩区生田8-8-14,35.61600112915039,139.54489135742188,インターネット,,
423301,明治大学　生田キャンパス　第二校舎６号館１階 正面入口,川崎市多摩区東三田1-1-1,35.613542868575294,139.5500881880636,ホームページ,,
265823,多摩警察署 1階行政事務室,神奈川県川崎市多摩区枡形3-1-1,35.61740493774414,139.55836486816406,神奈川県オープンデータ(2018/10/1時点),,
265220,横浜川崎治水事務所川崎治水センター 事務室受付横,神奈川県川崎市多摩区生田4-25-1,35.620765686035156,139.54295349121094,神奈川県オープンデータ(2018/10/1時点),07:00～22:00,
558328,専修大学　生田キャンパス　第２体育寮１階入口,川崎市多摩区東三田2-1-1,35.613844846657756,139.5545262813332,大学ホームページ,,
61665,明治大学　生田キャンパス　第二校舎Ａ館,川崎市多摩区東三田1-1-1,35.61326217651367,139.54969787597656,ホームページ,,
156330,ドーミー登戸２,川崎市多摩区登戸570,35.62619400024414,139.55477905273438,インターネット,,
61662,明治大学　生田キャンパス　正門　守衛所,川崎市多摩区東三田1-1-1,35.61302185058594,139.55043029785156,ホームページ,,
541521,セブン-イレブン 川崎三田１丁目店,川崎市多摩区三田１丁目１−７,35.61486224088245,139.5451338148444,市ホームページ,,
61667,明治大学　生田キャンパス　ファミリーマートロビー(部室センター１階),川崎市多摩区東三田1-1-1,35.61319351196289,139.54815673828125,ホームページ,,
61664,明治大学　生田キャンパス　中央校舎,川崎市多摩区東三田1-1-1,35.613067626953125,139.54856872558594,ホームページ,,
156480,明治大学 生田キャンパス 東グラウンド,川崎市多摩区東三田1-1-1,35.61263656616211,139.5507354736328,ホームページ,,
250380,ベンガ・ベンガ枡形店 １階店舗内,川崎市多摩区枡形３－４－３２,35.6168098449707,139.55946350097656,インターネット,,
61663,明治大学　生田キャンパス　中央校舎,川崎市多摩区東三田1-1-1,35.61260223388672,139.54879760742188,ホームページ,,
72833,養心館剣道道場,川崎市多摩区宿河原4-13-25,35.617122650146484,139.57994079589844,インターネット,,
72836,ヴィラージュ川崎,川崎市多摩区宿河原1丁目18-1,35.617916107177734,139.57769775390625,インターネット ,,
541492,セブンイレブン 川崎宿河原４丁目店,川崎市多摩区宿河原４丁目１９−２３,35.616591177854076,139.58094536498655,市ホームページ,,
262076,ダイアパレス登戸第２,川崎市多摩区宿河原１－６－６,35.61996078491211,139.57640075683594,インターネット,,
384746,株式会社 研空社,川崎市多摩区宿河原7-16-11,35.617394652732465,139.57731390897,ステッカーを目視,,
265388,"神奈川県立多摩高等学校 ①西棟正面玄関
②西棟保健室
③東棟中央入口",神奈川県川崎市多摩区宿河原5-14-1,35.61713790893555,139.58506774902344,神奈川県オープンデータ(2018/10/1時点),7:00～19:30 (通年休業日)12/29～1/3,
156499,本橋内科クリニック,川崎市多摩区宿河原3丁目1-6,35.61588668823242,139.57818603515625,インターネット,,
72638,川崎信用金庫　宿河原支店  ロビー,川崎市多摩区宿河原３－４－３,35.61528015136719,139.5792999267578,インターネット,,
39471,小田嶋歯科医院,川崎市多摩区宿河原3-3-7伊東ﾋﾞﾙ2F,35.61520004272461,139.5789794921875,インターネット,,
329922,ファミール登戸,川崎市多摩区宿河原１－１－１７,35.62049372947873,139.5741822560035,インターネット,,
275344,アスク宿河原保育園,川崎市多摩区宿河原2-5-1,35.61652755737305,139.5755157470703,インターネット,,
373093,アクエージュ多摩川,川崎市多摩区宿河原7-1-10,35.616906350376674,139.58715161905934,ステッカーを目視,,
72835,玉幼稚園,川崎市多摩区宿河原5-19-1,35.61530303955078,139.58554077148438,インターネット ,,
541491,セブン-イレブン 川崎宿河原３丁目店,川崎市多摩区宿河原３丁目１０−１９,35.6149254753895,139.57701191921765,市ホームページ,,
15035,セレサ川崎農業協同組合　宿河原支店,川崎市多摩区宿河原3-10-1,35.61424255371094,139.57864379882812,インターネット,,
156326,ドーミー登戸3,川崎市多摩区宿河原1-1-34,35.62024688720703,139.57351684570312,インターネット,,
265828,宿河原交番 庁舎内,神奈川県川崎市多摩区宿河原3-13-14,35.614044189453125,139.57882690429688,神奈川県オープンデータ(2018/10/1時点),,
38988,保育園アリス宿河原,川崎市多摩区宿河原3-13-9,35.613800048828125,139.57958984375,インターネット,,
267819,多摩消防署宿河原出張所 1階受付,神奈川県川崎市多摩消防署宿河原出張所,35.61425018310547,139.5777130126953,神奈川県オープンデータ(2018/10/1時点),,
72637,宿河原町会  １階事務室,川崎市多摩区宿河原３－１２－１１,35.613651275634766,139.57839965820312,インターネット,,
49135,武田病院 	１階フロアー,川崎市多摩区登戸３１９３,35.61720275878906,139.57315063476562,インターネット,,
337130,のぼりっこ保育園,川崎市多摩区登戸3185,35.61830670776129,139.5720672449238,ホームページ,,
329923,にじいろ保育園登戸,川崎市多摩区登戸３３２９−６,35.61980297800981,139.57152104672195,ステッカーを目視,,
239129,ハックドラッグ宿河原店,川崎市多摩区宿河原７－１６－５,35.614437103271484,139.588134765625,ホームページ,,
267767,多摩川緑地パークボール場 管理事務所,神奈川県川崎市多摩川緑地パークボール場,35.61412048339844,139.60731506347656,神奈川県オープンデータ(2018/10/1時点),,
408589,光州産業,川崎市高津区宇奈根759-1他,35.6131327839485,139.6076202943658,ストリートビューでステッカーを確認,,
344147,株式会社　カワイ,川崎市高津区宇奈根７８４,35.61361788151684,139.60560379585,インターネット,,
526101,グロリア・アーツ株式会社,川崎市高津区宇奈根731-6,35.61256177913651,139.60644419800414,ストリートビューでステッカーを確認,,
136422,ビルコン株式会社,川崎市高津区久地2-5-24,35.61178207397461,139.61251831054688,インターネット,,
422418,マジック・ハンド,川崎市高津区宇奈根,35.61182355727286,139.60692065240283,ストリートビューでステッカーを確認,,
375879,グループホームみんなの家・川崎久地２,川崎市高津区久地２丁目１２−２３,35.61106208362928,139.61040825352208,ホームページ,,
239350,株式会社　ニクニ　別館,川崎市高津区久地171-2,35.61152267456055,139.6070556640625,インターネット,,
451927,前田建設工業株式会社　梶ヶ谷シールド作業所,神奈川県川崎市宮前区梶ヶ谷1390　JR貨物ターミナル構内,35.627959699099016,139.6055292,,平日８時半～１７時半（夏季休暇・年末年始除く）,044-870-4001
375867,グループホームみんなの家・川崎久地,川崎市高津区久地２丁目１２−２２,35.610896393351595,139.61043428235814,ホームページ,,
